Workbook
Name Slicer_Diabetes_Level: #N/A
Name Slicer_smoker: #N/A

Sheet Customer Names
A1: Customer ID | B1: name | C1: title | D1: first_name | E1: last_name
A2: Id1 | B2: Hawks, Ms. Kelly | C2: =LEFT(TRIM(MID(B2, FIND(",", B2)+1, 100)), FIND(" ", TRIM(MID(B2, FIND(",", B2)+1, 100)))-1) -> Ms. | D2: =TRIM(RIGHT(TRIM(MID(B2, FIND(",", B2)+1, 99)), LEN(TRIM(MID(B2, FIND(",", B2)+1, 99))) - FIND(" ", TRIM(MID(B2, FIND(",", B2)+1, 99))))) -> Kelly | E2: =LEFT(TRIM(B2), FIND(", ", TRIM(B2) & " ") - 1) -> Hawks | F2: =LEN(D2) -> 5
A3: Id2 | B3: Lehner, Mr. Matthew D | C3: =LEFT(TRIM(MID(B3, FIND(",", B3)+1, 100)), FIND(" ", TRIM(MID(B3, FIND(",", B3)+1, 100)))-1) -> Mr. | D3: =TRIM(RIGHT(TRIM(MID(B3, FIND(",", B3)+1, 99)), LEN(TRIM(MID(B3, FIND(",", B3)+1, 99))) - FIND(" ", TRIM(MID(B3, FIND(",", B3)+1, 99))))) -> Matthew D | E3: =LEFT(TRIM(B3), FIND(", ", TRIM(B3) & " ") - 1) -> Lehner
A4: Id3 | B4: Lu, Mr. Phil | C4: =LEFT(TRIM(MID(B4, FIND(",", B4)+1, 100)), FIND(" ", TRIM(MID(B4, FIND(",", B4)+1, 100)))-1) -> Mr. | D4: =TRIM(RIGHT(TRIM(MID(B4, FIND(",", B4)+1, 99)), LEN(TRIM(MID(B4, FIND(",", B4)+1, 99))) - FIND(" ", TRIM(MID(B4, FIND(",", B4)+1, 99))))) -> Phil | E4: =LEFT(TRIM(B4), FIND(", ", TRIM(B4) & " ") - 1) -> Lu
A5: Id4 | B5: Osborne, Ms. Kelsey | C5: =LEFT(TRIM(MID(B5, FIND(",", B5)+1, 100)), FIND(" ", TRIM(MID(B5, FIND(",", B5)+1, 100)))-1) -> Ms. | D5: =TRIM(RIGHT(TRIM(MID(B5, FIND(",", B5)+1, 99)), LEN(TRIM(MID(B5, FIND(",", B5)+1, 99))) - FIND(" ", TRIM(MID(B5, FIND(",", B5)+1, 99))))) -> Kelsey | E5: =LEFT(TRIM(B5), FIND(", ", TRIM(B5) & " ") - 1) -> Osborne
A6: Id5 | B6: Kadala, Ms. Kristyn | C6: =LEFT(TRIM(MID(B6, FIND(",", B6)+1, 100)), FIND(" ", TRIM(MID(B6, FIND(",", B6)+1, 100)))-1) -> Ms. | D6: =TRIM(RIGHT(TRIM(MID(B6, FIND(",", B6)+1, 99)), LEN(TRIM(MID(B6, FIND(",", B6)+1, 99))) - FIND(" ", TRIM(MID(B6, FIND(",", B6)+1, 99))))) -> Kristyn | E6: =LEFT(TRIM(B6), FIND(", ", TRIM(B6) & " ") - 1) -> Kadala
A7: Id6 | B7: Baker, Mr. Russell B. | C7: =LEFT(TRIM(MID(B7, FIND(",", B7)+1, 100)), FIND(" ", TRIM(MID(B7, FIND(",", B7)+1, 100)))-1) -> Mr. | D7: =TRIM(RIGHT(TRIM(MID(B7, FIND(",", B7)+1, 99)), LEN(TRIM(MID(B7, FIND(",", B7)+1, 99))) - FIND(" ", TRIM(MID(B7, FIND(",", B7)+1, 99))))) -> Russell B. | E7: =LEFT(TRIM(B7), FIND(", ", TRIM(B7) & " ") - 1) -> Baker
A8: Id7 | B8: Macpherson, Mr. Scott | C8: =LEFT(TRIM(MID(B8, FIND(",", B8)+1, 100)), FIND(" ", TRIM(MID(B8, FIND(",", B8)+1, 100)))-1) -> Mr. | D8: =TRIM(RIGHT(TRIM(MID(B8, FIND(",", B8)+1, 99)), LEN(TRIM(MID(B8, FIND(",", B8)+1, 99))) - FIND(" ", TRIM(MID(B8, FIND(",", B8)+1, 99))))) -> Scott | E8: =LEFT(TRIM(B8), FIND(", ", TRIM(B8) & " ") - 1) -> Macpherson
A9: Id8 | B9: Hallman, Mr. Stephen | C9: =LEFT(TRIM(MID(B9, FIND(",", B9)+1, 100)), FIND(" ", TRIM(MID(B9, FIND(",", B9)+1, 100)))-1) -> Mr. | D9: =TRIM(RIGHT(TRIM(MID(B9, FIND(",", B9)+1, 99)), LEN(TRIM(MID(B9, FIND(",", B9)+1, 99))) - FIND(" ", TRIM(MID(B9, FIND(",", B9)+1, 99))))) -> Stephen | E9: =LEFT(TRIM(B9), FIND(", ", TRIM(B9) & " ") - 1) -> Hallman
A10: Id9 | B10: Moran, Mr. Patrick R. | C10: =LEFT(TRIM(MID(B10, FIND(",", B10)+1, 100)), FIND(" ", TRIM(MID(B10, FIND(",", B10)+1, 100)))-1) -> Mr. | D10: =TRIM(RIGHT(TRIM(MID(B10, FIND(",", B10)+1, 99)), LEN(TRIM(MID(B10, FIND(",", B10)+1, 99))) - FIND(" ", TRIM(MID(B10, FIND(",", B10)+1, 99))))) -> Patrick R. | E10: =LEFT(TRIM(B10), FIND(", ", TRIM(B10) & " ") - 1) -> Moran
A11: Id10 | B11: Benner, Ms. Brooke N. | C11: =LEFT(TRIM(MID(B11, FIND(",", B11)+1, 100)), FIND(" ", TRIM(MID(B11, FIND(",", B11)+1, 100)))-1) -> Ms. | D11: =TRIM(RIGHT(TRIM(MID(B11, FIND(",", B11)+1, 99)), LEN(TRIM(MID(B11, FIND(",", B11)+1, 99))) - FIND(" ", TRIM(MID(B11, FIND(",", B11)+1, 99))))) -> Brooke N. | E11: =LEFT(TRIM(B11), FIND(", ", TRIM(B11) & " ") - 1) -> Benner
A12: Id11 | B12: Fierro Vargas, Ms. Paola Andrea | C12: =LEFT(TRIM(MID(B12, FIND(",", B12)+1, 100)), FIND(" ", TRIM(MID(B12, FIND(",", B12)+1, 100)))-1) -> Ms. | D12: =TRIM(RIGHT(TRIM(MID(B12, FIND(",", B12)+1, 99)), LEN(TRIM(MID(B12, FIND(",", B12)+1, 99))) - FIND(" ", TRIM(MID(B12, FIND(",", B12)+1, 99))))) -> Paola Andrea | E12: =LEFT(TRIM(B12), FIND(", ", TRIM(B12) & " ") - 1) -> Fierro Vargas
A13: Id12 | B13: Franz, Mr. David | C13: =LEFT(TRIM(MID(B13, FIND(",", B13)+1, 100)), FIND(" ", TRIM(MID(B13, FIND(",", B13)+1, 100)))-1) -> Mr. | D13: =TRIM(RIGHT(TRIM(MID(B13, FIND(",", B13)+1, 99)), LEN(TRIM(MID(B13, FIND(",", B13)+1, 99))) - FIND(" ", TRIM(MID(B13, FIND(",", B13)+1, 99))))) -> David | E13: =LEFT(TRIM(B13), FIND(", ", TRIM(B13) & " ") - 1) -> Franz
A14: Id13 | B14: Foster, Mr. Wade | C14: =LEFT(TRIM(MID(B14, FIND(",", B14)+1, 100)), FIND(" ", TRIM(MID(B14, FIND(",", B14)+1, 100)))-1) -> Mr. | D14: =TRIM(RIGHT(TRIM(MID(B14, FIND(",", B14)+1, 99)), LEN(TRIM(MID(B14, FIND(",", B14)+1, 99))) - FIND(" ", TRIM(MID(B14, FIND(",", B14)+1, 99))))) -> Wade | E14: =LEFT(TRIM(B14), FIND(", ", TRIM(B14) & " ") - 1) -> Foster
... A2336: Id2335 | B2336: German, Mr. Aaron K | C2336: =LEFT(TRIM(MID(B2336, FIND(",", B2336)+1, 100)), FIND(" ", TRIM(MID(B2336, FIND(",", B2336)+1, 100)))-1) -> Mr. | D2336: =TRIM(RIGHT(TRIM(MID(B2336, FIND(",", B2336)+1, 99)), LEN(TRIM(MID(B2336, FIND(",", B2336)+1, 99))) - FIND(" ", TRIM(MID(B2336, FIND(",", B2336)+1, 99))))) -> Aaron K | E2336: =LEFT(TRIM(B2336), FIND(", ", TRIM(B2336) & " ") - 1) -> German

Sheet Medical Examinations
A1: Customer ID | B1: BMI | C1: HBA1C | D1: Heart Issues | E1: Any Transplants | F1: Cancer history | G1: NumberOfMajorSurgeries | H1: smoker | I1: count_blank | J1: no of surgery | K1: BMI_category | L1: smoker_missing
A2: Id1 | B2: 47.41 | C2: 7.47 | D2: No | E2: No | F2: No | G2: No major surgery | H2: yes | I2: =COUNTIF(A2:H2, "?") -> 0 | J2: =IF(OR(G2="No major surgery"),0,G2) -> 0 | K2: =IF(B7<18.5,"Underweight", IF(B7<25,"Normal Weight", IF(B7<30,"Overweight", "Obesity"))) -> Obesity | L2: {=IF(H2="?",INDEX($H$2:$H$2336,MODE(MATCH($H$2:$H$2336,$H$2:$H$2336,0))),H2)} -> yes
A3: Id2 | B3: 30.36 | C3: 5.77 | D3: No | E3: No | F3: No | G3: No major surgery | H3: yes | I3: =COUNTIF(A3:H3, "?") -> 0 | J3: =IF(OR(G3="No major surgery"),0,G3) -> 0 | K3: =IF(B3<18.5,"Underweight", IF(B3<25,"Normal Weight", IF(B3<30,"Overweight", "Obesity"))) -> Obesity | L3: {=IF(H3="?",INDEX($H$2:$H$2336,MODE(MATCH($H$2:$H$2336,$H$2:$H$2336,0))),H3)} -> yes
A4: Id3 | B4: 34.485 | C4: 11.87 | D4: yes | E4: No | F4: No | G4: 2 | H4: yes | I4: =COUNTIF(A4:H4, "?") -> 0 | J4: =IF(OR(G4="No major surgery"),0,G4) -> 2 | K4: =IF(B4<18.5,"Underweight", IF(B4<25,"Normal Weight", IF(B4<30,"Overweight", "Obesity"))) -> Obesity | L4: {=IF(H4="?",INDEX($H$2:$H$2336,MODE(MATCH($H$2:$H$2336,$H$2:$H$2336,0))),H4)} -> yes
A5: Id4 | B5: 38.095 | C5: 6.05 | D5: No | E5: No | F5: No | G5: No major surgery | H5: yes | I5: =COUNTIF(A5:H5, "?") -> 0 | J5: =IF(OR(G5="No major surgery"),0,G5) -> 0 | K5: =IF(B5<18.5,"Underweight", IF(B5<25,"Normal Weight", IF(B5<30,"Overweight", "Obesity"))) -> Obesity | L5: {=IF(H5="?",INDEX($H$2:$H$2336,MODE(MATCH($H$2:$H$2336,$H$2:$H$2336,0))),H5)} -> yes
A6: Id5 | B6: 35.53 | C6: 5.45 | D6: No | E6: No | F6: No | G6: No major surgery | H6: yes | I6: =COUNTIF(A6:H6, "?") -> 0 | J6: =IF(OR(G6="No major surgery"),0,G6) -> 0 | K6: =IF(B6<18.5,"Underweight", IF(B6<25,"Normal Weight", IF(B6<30,"Overweight", "Obesity"))) -> Obesity | L6: {=IF(H6="?",INDEX($H$2:$H$2336,MODE(MATCH($H$2:$H$2336,$H$2:$H$2336,0))),H6)} -> yes
A7: Id6 | B7: 32.8 | C7: 6.59 | D7: No | E7: No | F7: No | G7: No major surgery | H7: yes | I7: =COUNTIF(A7:H7, "?") -> 0 | J7: =IF(OR(G7="No major surgery"),0,G7) -> 0 | K7: =IF(B7<18.5,"Underweight", IF(B7<25,"Normal Weight", IF(B7<30,"Overweight", "Obesity"))) -> Obesity | L7: {=IF(H7="?",INDEX($H$2:$H$2336,MODE(MATCH($H$2:$H$2336,$H$2:$H$2336,0))),H7)} -> yes
A8: Id7 | B8: 36.4 | C8: 6.07 | D8: No | E8: No | F8: No | G8: No major surgery | H8: yes | I8: =COUNTIF(A8:H8, "?") -> 0 | J8: =IF(OR(G8="No major surgery"),0,G8) -> 0 | K8: =IF(B8<18.5,"Underweight", IF(B8<25,"Normal Weight", IF(B8<30,"Overweight", "Obesity"))) -> Obesity | L8: {=IF(H8="?",INDEX($H$2:$H$2336,MODE(MATCH($H$2:$H$2336,$H$2:$H$2336,0))),H8)} -> yes
A9: Id8 | B9: 36.96 | C9: 7.93 | D9: No | E9: No | F9: No | G9: 3 | H9: yes | I9: =COUNTIF(A9:H9, "?") -> 0 | J9: =IF(OR(G9="No major surgery"),0,G9) -> 3 | K9: =IF(B9<18.5,"Underweight", IF(B9<25,"Normal Weight", IF(B9<30,"Overweight", "Obesity"))) -> Obesity | L9: {=IF(H9="?",INDEX($H$2:$H$2336,MODE(MATCH($H$2:$H$2336,$H$2:$H$2336,0))),H9)} -> yes
A10: Id9 | B10: 41.14 | C10: 9.58 | D10: yes | E10: No | F10: Yes | G10: 1 | H10: yes | I10: =COUNTIF(A10:H10, "?") -> 0 | J10: =IF(OR(G10="No major surgery"),0,G10) -> 1 | K10: =IF(B10<18.5,"Underweight", IF(B10<25,"Normal Weight", IF(B10<30,"Overweight", "Obesity"))) -> Obesity | L10: {=IF(H10="?",INDEX($H$2:$H$2336,MODE(MATCH($H$2:$H$2336,$H$2:$H$2336,0))),H10)} -> yes
A11: Id10 | B11: 38.06 | C11: 10.79 | D11: No | E11: No | F11: No | G11: No major surgery | H11: yes | I11: =COUNTIF(A11:H11, "?") -> 0 | J11: =IF(OR(G11="No major surgery"),0,G11) -> 0 | K11: =IF(B11<18.5,"Underweight", IF(B11<25,"Normal Weight", IF(B11<30,"Overweight", "Obesity"))) -> Obesity | L11: {=IF(H11="?",INDEX($H$2:$H$2336,MODE(MATCH($H$2:$H$2336,$H$2:$H$2336,0))),H11)} -> yes
A12: Id11 | B12: 37.7 | C12: 5.96 | D12: yes | E12: No | F12: No | G12: 2 | H12: yes | I12: =COUNTIF(A12:H12, "?") -> 0 | J12: =IF(OR(G12="No major surgery"),0,G12) -> 2 | K12: =IF(B12<18.5,"Underweight", IF(B12<25,"Normal Weight", IF(B12<30,"Overweight", "Obesity"))) -> Obesity | L12: {=IF(H12="?",INDEX($H$2:$H$2336,MODE(MATCH($H$2:$H$2336,$H$2:$H$2336,0))),H12)} -> yes
A13: Id12 | B13: 42.13 | C13: 11.9 | D13: No | E13: No | F13: No | G13: No major surgery | H13: yes | I13: =COUNTIF(A13:H13, "?") -> 0 | J13: =IF(OR(G13="No major surgery"),0,G13) -> 0 | K13: =IF(B13<18.5,"Underweight", IF(B13<25,"Normal Weight", IF(B13<30,"Overweight", "Obesity"))) -> Obesity | L13: {=IF(H13="?",INDEX($H$2:$H$2336,MODE(MATCH($H$2:$H$2336,$H$2:$H$2336,0))),H13)} -> yes
A14: Id13 | B14: 40.92 | C14: 8.41 | D14: No | E14: No | F14: No | G14: No major surgery | H14: yes | I14: =COUNTIF(A14:H14, "?") -> 0 | J14: =IF(OR(G14="No major surgery"),0,G14) -> 0 | K14: =IF(B14<18.5,"Underweight", IF(B14<25,"Normal Weight", IF(B14<30,"Overweight", "Obesity"))) -> Obesity | L14: {=IF(H14="?",INDEX($H$2:$H$2336,MODE(MATCH($H$2:$H$2336,$H$2:$H$2336,0))),H14)} -> yes
A15: Id14 | B15: 40.565 | C15: 7.02 | D15: No | E15: No | F15: No | G15: No major surgery | H15: yes | I15: =COUNTIF(A15:H15, "?") -> 0 | J15: =IF(OR(G15="No major surgery"),0,G15) -> 0 | K15: =IF(B15<18.5,"Underweight", IF(B15<25,"Normal Weight", IF(B15<30,"Overweight", "Obesity"))) -> Obesity | L15: {=IF(H15="?",INDEX($H$2:$H$2336,MODE(MATCH($H$2:$H$2336,$H$2:$H$2336,0))),H15)} -> yes
A16: Id15 | B16: 36.385 | C16: 7.59 | D16: yes | E16: No | F16: No | G16: 2 | H16: yes | I16: =COUNTIF(A16:H16, "?") -> 0 | J16: =IF(OR(G16="No major surgery"),0,G16) -> 2 | K16: =IF(B16<18.5,"Underweight", IF(B16<25,"Normal Weight", IF(B16<30,"Overweight", "Obesity"))) -> Obesity | L16: {=IF(H16="?",INDEX($H$2:$H$2336,MODE(MATCH($H$2:$H$2336,$H$2:$H$2336,0))),H16)} -> yes
A17: Id16 | B17: 39.9 | C17: 11.32 | D17: No | E17: No | F17: No | G17: No major surgery | H17: yes | I17: =COUNTIF(A17:H17, "?") -> 0 | J17: =IF(OR(G17="No major surgery"),0,G17) -> 0 | K17: =IF(B17<18.5,"Underweight", IF(B17<25,"Normal Weight", IF(B17<30,"Overweight", "Obesity"))) -> Obesity | L17: {=IF(H17="?",INDEX($H$2:$H$2336,MODE(MATCH($H$2:$H$2336,$H$2:$H$2336,0))),H17)} -> yes
A18: Id17 | B18: 33.8 | C18: 7.67 | D18: No | E18: No | F18: No | G18: 3 | H18: yes | I18: =COUNTIF(A18:H18, "?") -> 0 | J18: =IF(OR(G18="No major surgery"),0,G18) -> 3 | K18: =IF(B18<18.5,"Underweight", IF(B18<25,"Normal Weight", IF(B18<30,"Overweight", "Obesity"))) -> Obesity | L18: {=IF(H18="?",INDEX($H$2:$H$2336,MODE(MATCH($H$2:$H$2336,$H$2:$H$2336,0))),H18)} -> yes
A19: Id18 | B19: 36.765 | C19: 7.29 | D19: yes | E19: No | F19: Yes | G19: 1 | H19: yes | I19: =COUNTIF(A19:H19, "?") -> 0 | J19: =IF(OR(G19="No major surgery"),0,G19) -> 1 | K19: =IF(B19<18.5,"Underweight", IF(B19<25,"Normal Weight", IF(B19<30,"Overweight", "Obesity"))) -> Obesity | L19: {=IF(H19="?",INDEX($H$2:$H$2336,MODE(MATCH($H$2:$H$2336,$H$2:$H$2336,0))),H19)} -> yes
A20: Id19 | B20: 36.955 | C20: 4.72 | D20: yes | E20: No | F20: No | G20: 1 | H20: yes | I20: =COUNTIF(A20:H20, "?") -> 0 | J20: =IF(OR(G20="No major surgery"),0,G20) -> 1 | K20: =IF(B20<18.5,"Underweight", IF(B20<25,"Normal Weight", IF(B20<30,"Overweight", "Obesity"))) -> Obesity | L20: {=IF(H20="?",INDEX($H$2:$H$2336,MODE(MATCH($H$2:$H$2336,$H$2:$H$2336,0))),H20)} -> yes
A21: Id20 | B21: 42.9 | C21: 11.41 | D21: No | E21: No | F21: No | G21: No major surgery | H21: yes | I21: =COUNTIF(A21:H21, "?") -> 0 | J21: =IF(OR(G21="No major surgery"),0,G21) -> 0 | K21: =IF(B21<18.5,"Underweight", IF(B21<25,"Normal Weight", IF(B21<30,"Overweight", "Obesity"))) -> Obesity | L21: {=IF(H21="?",INDEX($H$2:$H$2336,MODE(MATCH($H$2:$H$2336,$H$2:$H$2336,0))),H21)} -> yes
A22: Id21 | B22: 36.3 | C22: 11.5 | D22: yes | E22: No | F22: No | G22: 2 | H22: yes | I22: =COUNTIF(A22:H22, "?") -> 0 | J22: =IF(OR(G22="No major surgery"),0,G22) -> 2 | K22: =IF(B22<18.5,"Underweight", IF(B22<25,"Normal Weight", IF(B22<30,"Overweight", "Obesity"))) -> Obesity | L22: {=IF(H22="?",INDEX($H$2:$H$2336,MODE(MATCH($H$2:$H$2336,$H$2:$H$2336,0))),H22)} -> yes
A23: Id22 | B23: 32.2 | C23: 6.22 | D23: yes | E23: No | F23: No | G23: 2 | H23: yes | I23: =COUNTIF(A23:H23, "?") -> 0 | J23: =IF(OR(G23="No major surgery"),0,G23) -> 2 | K23: =IF(B23<18.5,"Underweight", IF(B23<25,"Normal Weight", IF(B23<30,"Overweight", "Obesity"))) -> Obesity | L23: {=IF(H23="?",INDEX($H$2:$H$2336,MODE(MATCH($H$2:$H$2336,$H$2:$H$2336,0))),H23)} -> yes
A24: Id23 | B24: 31.3 | C24: 11.38 | D24: No | E24: No | F24: No | G24: 3 | H24: yes | I24: =COUNTIF(A24:H24, "?") -> 0 | J24: =IF(OR(G24="No major surgery"),0,G24) -> 3 | K24: =IF(B24<18.5,"Underweight", IF(B24<25,"Normal Weight", IF(B24<30,"Overweight", "Obesity"))) -> Obesity | L24: {=IF(H24="?",INDEX($H$2:$H$2336,MODE(MATCH($H$2:$H$2336,$H$2:$H$2336,0))),H24)} -> yes
A25: Id24 | B25: 41.8 | C25: 7.89 | D25: yes | E25: No | F25: No | G25: 2 | H25: yes | I25: =COUNTIF(A25:H25, "?") -> 0 | J25: =IF(OR(G25="No major surgery"),0,G25) -> 2 | K25: =IF(B25<18.5,"Underweight", IF(B25<25,"Normal Weight", IF(B25<30,"Overweight", "Obesity"))) -> Obesity | L25: {=IF(H25="?",INDEX($H$2:$H$2336,MODE(MATCH($H$2:$H$2336,$H$2:$H$2336,0))),H25)} -> yes
A26: Id25 | B26: 35.09 | C26: 4.38 | D26: yes | E26: No | F26: No | G26: 2 | H26: yes | I26: =COUNTIF(A26:H26, "?") -> 0 | J26: =IF(OR(G26="No major surgery"),0,G26) -> 2 | K26: =IF(B26<18.5,"Underweight", IF(B26<25,"Normal Weight", IF(B26<30,"Overweight", "Obesity"))) -> Obesity | L26: {=IF(H26="?",INDEX($H$2:$H$2336,MODE(MATCH($H$2:$H$2336,$H$2:$H$2336,0))),H26)} -> yes
A27: Id26 | B27: 33.88 | C27: 7.01 | D27: No | E27: No | F27: No | G27: 3 | H27: yes | I27: =COUNTIF(A27:H27, "?") -> 0 | J27: =IF(OR(G27="No major surgery"),0,G27) -> 3 | K27: =IF(B27<18.5,"Underweight", IF(B27<25,"Normal Weight", IF(B27<30,"Overweight", "Obesity"))) -> Obesity | L27: {=IF(H27="?",INDEX($H$2:$H$2336,MODE(MATCH($H$2:$H$2336,$H$2:$H$2336,0))),H27)} -> yes
A28: Id27 | B28: 30.875 | C28: 11.88 | D28: No | E28: No | F28: No | G28: No major surgery | H28: yes | I28: =COUNTIF(A28:H28, "?") -> 0 | J28: =IF(OR(G28="No major surgery"),0,G28) -> 0 | K28: =IF(B28<18.5,"Underweight", IF(B28<25,"Normal Weight", IF(B28<30,"Overweight", "Obesity"))) -> Obesity | L28: {=IF(H28="?",INDEX($H$2:$H$2336,MODE(MATCH($H$2:$H$2336,$H$2:$H$2336,0))),H28)} -> yes
A29: Id28 | B29: 36.86 | C29: 5.19 | D29: yes | E29: No | F29: Yes | G29: 1 | H29: yes | I29: =COUNTIF(A29:H29, "?") -> 0 | J29: =IF(OR(G29="No major surgery"),0,G29) -> 1 | K29: =IF(B29<18.5,"Underweight", IF(B29<25,"Normal Weight", IF(B29<30,"Overweight", "Obesity"))) -> Obesity | L29: {=IF(H29="?",INDEX($H$2:$H$2336,MODE(MATCH($H$2:$H$2336,$H$2:$H$2336,0))),H29)} -> yes
A30: Id29 | B30: 35.86 | C30: 6.74 | D30: yes | E30: No | F30: No | G30: 2 | H30: yes | I30: =COUNTIF(A30:H30, "?") -> 0 | J30: =IF(OR(G30="No major surgery"),0,G30) -> 2 | K30: =IF(B30<18.5,"Underweight", IF(B30<25,"Normal Weight", IF(B30<30,"Overweight", "Obesity"))) -> Obesity | L30: {=IF(H30="?",INDEX($H$2:$H$2336,MODE(MATCH($H$2:$H$2336,$H$2:$H$2336,0))),H30)} -> yes
A31: Id30 | B31: 37.05 | C31: 8.44 | D31: No | E31: No | F31: No | G31: No major surgery | H31: yes | I31: =COUNTIF(A31:H31, "?") -> 0 | J31: =IF(OR(G31="No major surgery"),0,G31) -> 0 | K31: =IF(B31<18.5,"Underweight", IF(B31<25,"Normal Weight", IF(B31<30,"Overweight", "Obesity"))) -> Obesity | L31: {=IF(H31="?",INDEX($H$2:$H$2336,MODE(MATCH($H$2:$H$2336,$H$2:$H$2336,0))),H31)} -> yes
A32: Id31 | B32: 43.89 | C32: 8.71 | D32: No | E32: No | F32: No | G32: No major surgery | H32: yes | I32: =COUNTIF(A32:H32, "?") -> 0 | J32: =IF(OR(G32="No major surgery"),0,G32) -> 0 | K32: =IF(B32<18.5,"Underweight", IF(B32<25,"Normal Weight", IF(B32<30,"Overweight", "Obesity"))) -> Obesity | L32: {=IF(H32="?",INDEX($H$2:$H$2336,MODE(MATCH($H$2:$H$2336,$H$2:$H$2336,0))),H32)} -> yes
A33: Id32 | B33: 42.35 | C33: 5.08 | D33: yes | E33: No | F33: No | G33: No major surgery | H33: yes | I33: =COUNTIF(A33:H33, "?") -> 0 | J33: =IF(OR(G33="No major surgery"),0,G33) -> 0 | K33: =IF(B33<18.5,"Underweight", IF(B33<25,"Normal Weight", IF(B33<30,"Overweight", "Obesity"))) -> Obesity | L33: {=IF(H33="?",INDEX($H$2:$H$2336,MODE(MATCH($H$2:$H$2336,$H$2:$H$2336,0))),H33)} -> yes
A34: Id33 | B34: 31.35 | C34: 6.86 | D34: No | E34: No | F34: No | G34: No major surgery | H34: yes | I34: =COUNTIF(A34:H34, "?") -> 0 | J34: =IF(OR(G34="No major surgery"),0,G34) -> 0 | K34: =IF(B34<18.5,"Underweight", IF(B34<25,"Normal Weight", IF(B34<30,"Overweight", "Obesity"))) -> Obesity | L34: {=IF(H34="?",INDEX($H$2:$H$2336,MODE(MATCH($H$2:$H$2336,$H$2:$H$2336,0))),H34)} -> yes
A35: Id34 | B35: 47.6 | C35: 5.95 | D35: yes | E35: No | F35: No | G35: No major surgery | H35: yes | I35: =COUNTIF(A35:H35, "?") -> 0 | J35: =IF(OR(G35="No major surgery"),0,G35) -> 0 | K35: =IF(B35<18.5,"Underweight", IF(B35<25,"Normal Weight", IF(B35<30,"Overweight", "Obesity"))) -> Obesity | L35: {=IF(H35="?",INDEX($H$2:$H$2336,MODE(MATCH($H$2:$H$2336,$H$2:$H$2336,0))),H35)} -> yes
A36: Id35 | B36: 46.2 | C36: 6.09 | D36: No | E36: No | F36: Yes | G36: 1 | H36: yes | I36: =COUNTIF(A36:H36, "?") -> 0 | J36: =IF(OR(G36="No major surgery"),0,G36) -> 1 | K36: =IF(B36<18.5,"Underweight", IF(B36<25,"Normal Weight", IF(B36<30,"Overweight", "Obesity"))) -> Obesity | L36: {=IF(H36="?",INDEX($H$2:$H$2336,MODE(MATCH($H$2:$H$2336,$H$2:$H$2336,0))),H36)} -> yes
A37: Id36 | B37: 32.015 | C37: 11.75 | D37: No | E37: No | F37: No | G37: No major surgery | H37: yes | I37: =COUNTIF(A37:H37, "?") -> 0 | J37: =IF(OR(G37="No major surgery"),0,G37) -> 0 | K37: =IF(B37<18.5,"Underweight", IF(B37<25,"Normal Weight", IF(B37<30,"Overweight", "Obesity"))) -> Obesity | L37: {=IF(H37="?",INDEX($H$2:$H$2336,MODE(MATCH($H$2:$H$2336,$H$2:$H$2336,0))),H37)} -> yes
A38: Id37 | B38: 40.565 | C38: 7.37 | D38: No | E38: No | F38: No | G38: No major surgery | H38: yes | I38: =COUNTIF(A38:H38, "?") -> 0 | J38: =IF(OR(G38="No major surgery"),0,G38) -> 0 | K38: =IF(B38<18.5,"Underweight", IF(B38<25,"Normal Weight", IF(B38<30,"Overweight", "Obesity"))) -> Obesity | L38: {=IF(H38="?",INDEX($H$2:$H$2336,MODE(MATCH($H$2:$H$2336,$H$2:$H$2336,0))),H38)} -> yes
A39: Id38 | B39: 32.45 | C39: 11.91 | D39: No | E39: No | F39: No | G39: No major surgery | H39: yes | I39: =COUNTIF(A39:H39, "?") -> 0 | J39: =IF(OR(G39="No major surgery"),0,G39) -> 0 | K39: =IF(B39<18.5,"Underweight", IF(B39<25,"Normal Weight", IF(B39<30,"Overweight", "Obesity"))) -> Obesity | L39: {=IF(H39="?",INDEX($H$2:$H$2336,MODE(MATCH($H$2:$H$2336,$H$2:$H$2336,0))),H39)} -> yes
A40: Id39 | B40: 34.96 | C40: 6.52 | D40: No | E40: No | F40: No | G40: No major surgery | H40: yes | I40: =COUNTIF(A40:H40, "?") -> 0 | J40: =IF(OR(G40="No major surgery"),0,G40) -> 0 | K40: =IF(B40<18.5,"Underweight", IF(B40<25,"Normal Weight", IF(B40<30,"Overweight", "Obesity"))) -> Obesity | L40: {=IF(H40="?",INDEX($H$2:$H$2336,MODE(MATCH($H$2:$H$2336,$H$2:$H$2336,0))),H40)} -> yes
A41: Id40 | B41: 35.5 | C41: 5.14 | D41: No | E41: No | F41: Yes | G41: 1 | H41: yes | I41: =COUNTIF(A41:H41, "?") -> 0 | J41: =IF(OR(G41="No major surgery"),0,G41) -> 1 | K41: =IF(B41<18.5,"Underweight", IF(B41<25,"Normal Weight", IF(B41<30,"Overweight", "Obesity"))) -> Obesity | L41: {=IF(H41="?",INDEX($H$2:$H$2336,MODE(MATCH($H$2:$H$2336,$H$2:$H$2336,0))),H41)} -> yes
A42: Id41 | B42: 52.58 | C42: 4.19 | D42: No | E42: yes | F42: No | G42: 1 | H42: yes | I42: =COUNTIF(A42:H42, "?") -> 0 | J42: =IF(OR(G42="No major surgery"),0,G42) -> 1 | K42: =IF(B42<18.5,"Underweight", IF(B42<25,"Normal Weight", IF(B42<30,"Overweight", "Obesity"))) -> Obesity | L42: {=IF(H42="?",INDEX($H$2:$H$2336,MODE(MATCH($H$2:$H$2336,$H$2:$H$2336,0))),H42)} -> yes
A43: Id42 | B43: 35.2 | C43: 11.68 | D43: yes | E43: No | F43: No | G43: No major surgery | H43: yes | I43: =COUNTIF(A43:H43, "?") -> 0 | J43: =IF(OR(G43="No major surgery"),0,G43) -> 0 | K43: =IF(B43<18.5,"Underweight", IF(B43<25,"Normal Weight", IF(B43<30,"Overweight", "Obesity"))) -> Obesity | L43: {=IF(H43="?",INDEX($H$2:$H$2336,MODE(MATCH($H$2:$H$2336,$H$2:$H$2336,0))),H43)} -> yes
A44: Id43 | B44: 38.06 | C44: 6.98 | D44: No | E44: No | F44: No | G44: No major surgery | H44: yes | I44: =COUNTIF(A44:H44, "?") -> 0 | J44: =IF(OR(G44="No major surgery"),0,G44) -> 0 | K44: =IF(B44<18.5,"Underweight", IF(B44<25,"Normal Weight", IF(B44<30,"Overweight", "Obesity"))) -> Obesity | L44: {=IF(H44="?",INDEX($H$2:$H$2336,MODE(MATCH($H$2:$H$2336,$H$2:$H$2336,0))),H44)} -> yes
A45: Id44 | B45: 34.21 | C45: 8.34 | D45: No | E45: No | F45: No | G45: No major surgery | H45: yes | I45: =COUNTIF(A45:H45, "?") -> 0 | J45: =IF(OR(G45="No major surgery"),0,G45) -> 0 | K45: =IF(B45<18.5,"Underweight", IF(B45<25,"Normal Weight", IF(B45<30,"Overweight", "Obesity"))) -> Obesity | L45: {=IF(H45="?",INDEX($H$2:$H$2336,MODE(MATCH($H$2:$H$2336,$H$2:$H$2336,0))),H45)} -> yes
A46: Id45 | B46: 38.94 | C46: 8.49 | D46: yes | E46: No | F46: No | G46: 1 | H46: yes | I46: =COUNTIF(A46:H46, "?") -> 0 | J46: =IF(OR(G46="No major surgery"),0,G46) -> 1 | K46: =IF(B46<18.5,"Underweight", IF(B46<25,"Normal Weight", IF(B46<30,"Overweight", "Obesity"))) -> Obesity | L46: {=IF(H46="?",INDEX($H$2:$H$2336,MODE(MATCH($H$2:$H$2336,$H$2:$H$2336,0))),H46)} -> yes
A47: Id46 | B47: 30.21 | C47: 5.34 | D47: yes | E47: No | F47: No | G47: 1 | H47: yes | I47: =COUNTIF(A47:H47, "?") -> 0 | J47: =IF(OR(G47="No major surgery"),0,G47) -> 1 | K47: =IF(B47<18.5,"Underweight", IF(B47<25,"Normal Weight", IF(B47<30,"Overweight", "Obesity"))) -> Obesity | L47: {=IF(H47="?",INDEX($H$2:$H$2336,MODE(MATCH($H$2:$H$2336,$H$2:$H$2336,0))),H47)} -> yes
A48: Id47 | B48: 33.63 | C48: 4.43 | D48: yes | E48: No | F48: No | G48: 2 | H48: yes | I48: =COUNTIF(A48:H48, "?") -> 0 | J48: =IF(OR(G48="No major surgery"),0,G48) -> 2 | K48: =IF(B48<18.5,"Underweight", IF(B48<25,"Normal Weight", IF(B48<30,"Overweight", "Obesity"))) -> Obesity | L48: {=IF(H48="?",INDEX($H$2:$H$2336,MODE(MATCH($H$2:$H$2336,$H$2:$H$2336,0))),H48)} -> yes
A49: Id48 | B49: 40.37 | C49: 4.47 | D49: No | E49: No | F49: No | G49: No major surgery | H49: yes | I49: =COUNTIF(A49:H49, "?") -> 0 | J49: =IF(OR(G49="No major surgery"),0,G49) -> 0 | K49: =IF(B49<18.5,"Underweight", IF(B49<25,"Normal Weight", IF(B49<30,"Overweight", "Obesity"))) -> Obesity | L49: {=IF(H49="?",INDEX($H$2:$H$2336,MODE(MATCH($H$2:$H$2336,$H$2:$H$2336,0))),H49)} -> yes
A50: Id49 | B50: 53.09 | C50: 4.82 | D50: yes | E50: No | F50: No | G50: 2 | H50: yes | I50: =COUNTIF(A50:H50, "?") -> 0 | J50: =IF(OR(G50="No major surgery"),0,G50) -> 2 | K50: =IF(B50<18.5,"Underweight", IF(B50<25,"Normal Weight", IF(B50<30,"Overweight", "Obesity"))) -> Obesity | L50: {=IF(H50="?",INDEX($H$2:$H$2336,MODE(MATCH($H$2:$H$2336,$H$2:$H$2336,0))),H50)} -> yes
A51: Id50 | B51: 31.79 | C51: 5.51 | D51: yes | E51: No | F51: No | G51: 2 | H51: yes | I51: =COUNTIF(A51:H51, "?") -> 0 | J51: =IF(OR(G51="No major surgery"),0,G51) -> 2 | K51: =IF(B51<18.5,"Underweight", IF(B51<25,"Normal Weight", IF(B51<30,"Overweight", "Obesity"))) -> Obesity | L51: {=IF(H51="?",INDEX($H$2:$H$2336,MODE(MATCH($H$2:$H$2336,$H$2:$H$2336,0))),H51)} -> yes
A52: Id51 | B52: 41.895 | C52: 10.87 | D52: yes | E52: No | F52: No | G52: 1 | H52: yes | I52: =COUNTIF(A52:H52, "?") -> 0 | J52: =IF(OR(G52="No major surgery"),0,G52) -> 1 | K52: =IF(B52<18.5,"Underweight", IF(B52<25,"Normal Weight", IF(B52<30,"Overweight", "Obesity"))) -> Obesity | L52: {=IF(H52="?",INDEX($H$2:$H$2336,MODE(MATCH($H$2:$H$2336,$H$2:$H$2336,0))),H52)} -> yes
A53: Id52 | B53: 31.16 | C53: 9.34 | D53: No | E53: No | F53: No | G53: No major surgery | H53: yes | I53: =COUNTIF(A53:H53, "?") -> 0 | J53: =IF(OR(G53="No major surgery"),0,G53) -> 0 | K53: =IF(B53<18.5,"Underweight", IF(B53<25,"Normal Weight", IF(B53<30,"Overweight", "Obesity"))) -> Obesity | L53: {=IF(H53="?",INDEX($H$2:$H$2336,MODE(MATCH($H$2:$H$2336,$H$2:$H$2336,0))),H53)} -> yes
A54: Id53 | B54: 34.105 | C54: 5.03 | D54: yes | E54: No | F54: Yes | G54: 1 | H54: yes | I54: =COUNTIF(A54:H54, "?") -> 0 | J54: =IF(OR(G54="No major surgery"),0,G54) -> 1 | K54: =IF(B54<18.5,"Underweight", IF(B54<25,"Normal Weight", IF(B54<30,"Overweight", "Obesity"))) -> Obesity | L54: {=IF(H54="?",INDEX($H$2:$H$2336,MODE(MATCH($H$2:$H$2336,$H$2:$H$2336,0))),H54)} -> yes
A55: Id54 | B55: 51.93 | C55: 11.05 | D55: No | E55: No | F55: No | G55: No major surgery | H55: yes | I55: =COUNTIF(A55:H55, "?") -> 0 | J55: =IF(OR(G55="No major surgery"),0,G55) -> 0 | K55: =IF(B55<18.5,"Underweight", IF(B55<25,"Normal Weight", IF(B55<30,"Overweight", "Obesity"))) -> Obesity | L55: {=IF(H55="?",INDEX($H$2:$H$2336,MODE(MATCH($H$2:$H$2336,$H$2:$H$2336,0))),H55)} -> yes
A56: Id55 | B56: 38.95 | C56: 11.95 | D56: No | E56: No | F56: No | G56: No major surgery | H56: yes | I56: =COUNTIF(A56:H56, "?") -> 0 | J56: =IF(OR(G56="No major surgery"),0,G56) -> 0 | K56: =IF(B56<18.5,"Underweight", IF(B56<25,"Normal Weight", IF(B56<30,"Overweight", "Obesity"))) -> Obesity | L56: {=IF(H56="?",INDEX($H$2:$H$2336,MODE(MATCH($H$2:$H$2336,$H$2:$H$2336,0))),H56)} -> yes
A57: Id56 | B57: 36.63 | C57: 7.72 | D57: yes | E57: No | F57: No | G57: 1 | H57: yes | I57: =COUNTIF(A57:H57, "?") -> 0 | J57: =IF(OR(G57="No major surgery"),0,G57) -> 1 | K57: =IF(B57<18.5,"Underweight", IF(B57<25,"Normal Weight", IF(B57<30,"Overweight", "Obesity"))) -> Obesity | L57: {=IF(H57="?",INDEX($H$2:$H$2336,MODE(MATCH($H$2:$H$2336,$H$2:$H$2336,0))),H57)} -> yes
A58: Id57 | B58: 34.2 | C58: 5.75 | D58: No | E58: No | F58: No | G58: 2 | H58: yes | I58: =COUNTIF(A58:H58, "?") -> 0 | J58: =IF(OR(G58="No major surgery"),0,G58) -> 2 | K58: =IF(B58<18.5,"Underweight", IF(B58<25,"Normal Weight", IF(B58<30,"Overweight", "Obesity"))) -> Obesity | L58: {=IF(H58="?",INDEX($H$2:$H$2336,MODE(MATCH($H$2:$H$2336,$H$2:$H$2336,0))),H58)} -> yes
A59: Id58 | B59: 50.63 | C59: 11.89 | D59: No | E59: No | F59: No | G59: No major surgery | H59: yes | I59: =COUNTIF(A59:H59, "?") -> 0 | J59: =IF(OR(G59="No major surgery"),0,G59) -> 0 | K59: =IF(B59<18.5,"Underweight", IF(B59<25,"Normal Weight", IF(B59<30,"Overweight", "Obesity"))) -> Obesity | L59: {=IF(H59="?",INDEX($H$2:$H$2336,MODE(MATCH($H$2:$H$2336,$H$2:$H$2336,0))),H59)} -> yes
A60: Id59 | B60: 36.48 | C60: 6.2 | D60: No | E60: No | F60: No | G60: No major surgery | H60: yes | I60: =COUNTIF(A60:H60, "?") -> 0 | J60: =IF(OR(G60="No major surgery"),0,G60) -> 0 | K60: =IF(B60<18.5,"Underweight", IF(B60<25,"Normal Weight", IF(B60<30,"Overweight", "Obesity"))) -> Obesity | L60: {=IF(H60="?",INDEX($H$2:$H$2336,MODE(MATCH($H$2:$H$2336,$H$2:$H$2336,0))),H60)} -> yes
A61: Id60 | B61: 54.82 | C61: 10.61 | D61: No | E61: No | F61: No | G61: No major surgery | H61: yes | I61: =COUNTIF(A61:H61, "?") -> 0 | J61: =IF(OR(G61="No major surgery"),0,G61) -> 0 | K61: =IF(B61<18.5,"Underweight", IF(B61<25,"Normal Weight", IF(B61<30,"Overweight", "Obesity"))) -> Obesity | L61: {=IF(H61="?",INDEX($H$2:$H$2336,MODE(MATCH($H$2:$H$2336,$H$2:$H$2336,0))),H61)} -> yes
A62: Id61 | B62: 38.06 | C62: 6.04 | D62: No | E62: No | F62: Yes | G62: 1 | H62: yes | I62: =COUNTIF(A62:H62, "?") -> 0 | J62: =IF(OR(G62="No major surgery"),0,G62) -> 1 | K62: =IF(B62<18.5,"Underweight", IF(B62<25,"Normal Weight", IF(B62<30,"Overweight", "Obesity"))) -> Obesity | L62: {=IF(H62="?",INDEX($H$2:$H$2336,MODE(MATCH($H$2:$H$2336,$H$2:$H$2336,0))),H62)} -> yes
A63: Id62 | B63: 51.48 | C63: 9.33 | D63: yes | E63: No | F63: No | G63: No major surgery | H63: yes | I63: =COUNTIF(A63:H63, "?") -> 0 | J63: =IF(OR(G63="No major surgery"),0,G63) -> 0 | K63: =IF(B63<18.5,"Underweight", IF(B63<25,"Normal Weight", IF(B63<30,"Overweight", "Obesity"))) -> Obesity | L63: {=IF(H63="?",INDEX($H$2:$H$2336,MODE(MATCH($H$2:$H$2336,$H$2:$H$2336,0))),H63)} -> yes
A64: Id63 | B64: 52.06 | C64: 11.47 | D64: No | E64: No | F64: No | G64: No major surgery | H64: yes | I64: =COUNTIF(A64:H64, "?") -> 0 | J64: =IF(OR(G64="No major surgery"),0,G64) -> 0 | K64: =IF(B64<18.5,"Underweight", IF(B64<25,"Normal Weight", IF(B64<30,"Overweight", "Obesity"))) -> Obesity | L64: {=IF(H64="?",INDEX($H$2:$H$2336,MODE(MATCH($H$2:$H$2336,$H$2:$H$2336,0))),H64)} -> yes
A65: Id64 | B65: 30.685 | C65: 7.02 | D65: yes | E65: No | F65: No | G65: No major surgery | H65: yes | I65: =COUNTIF(A65:H65, "?") -> 0 | J65: =IF(OR(G65="No major surgery"),0,G65) -> 0 | K65: =IF(B65<18.5,"Underweight", IF(B65<25,"Normal Weight", IF(B65<30,"Overweight", "Obesity"))) -> Obesity | L65: {=IF(H65="?",INDEX($H$2:$H$2336,MODE(MATCH($H$2:$H$2336,$H$2:$H$2336,0))),H65)} -> yes
A66: Id65 | B66: 36.08 | C66: 8.8 | D66: yes | E66: No | F66: No | G66: 1 | H66: yes | I66: =COUNTIF(A66:H66, "?") -> 0 | J66: =IF(OR(G66="No major surgery"),0,G66) -> 1 | K66: =IF(B66<18.5,"Underweight", IF(B66<25,"Normal Weight", IF(B66<30,"Overweight", "Obesity"))) -> Obesity | L66: {=IF(H66="?",INDEX($H$2:$H$2336,MODE(MATCH($H$2:$H$2336,$H$2:$H$2336,0))),H66)} -> yes
A67: Id66 | B67: 54.99 | C67: 8.68 | D67: No | E67: No | F67: No | G67: 2 | H67: yes | I67: =COUNTIF(A67:H67, "?") -> 0 | J67: =IF(OR(G67="No major surgery"),0,G67) -> 2 | K67: =IF(B67<18.5,"Underweight", IF(B67<25,"Normal Weight", IF(B67<30,"Overweight", "Obesity"))) -> Obesity | L67: {=IF(H67="?",INDEX($H$2:$H$2336,MODE(MATCH($H$2:$H$2336,$H$2:$H$2336,0))),H67)} -> yes
A68: Id67 | B68: 35.97 | C68: 6.12 | D68: No | E68: No | F68: Yes | G68: 1 | H68: yes | I68: =COUNTIF(A68:H68, "?") -> 0 | J68: =IF(OR(G68="No major surgery"),0,G68) -> 1 | K68: =IF(B68<18.5,"Underweight", IF(B68<25,"Normal Weight", IF(B68<30,"Overweight", "Obesity"))) -> Obesity | L68: {=IF(H68="?",INDEX($H$2:$H$2336,MODE(MATCH($H$2:$H$2336,$H$2:$H$2336,0))),H68)} -> yes
A69: Id68 | B69: 45.54 | C69: 5.4 | D69: yes | E69: No | F69: Yes | G69: 1 | H69: yes | I69: =COUNTIF(A69:H69, "?") -> 0 | J69: =IF(OR(G69="No major surgery"),0,G69) -> 1 | K69: =IF(B69<18.5,"Underweight", IF(B69<25,"Normal Weight", IF(B69<30,"Overweight", "Obesity"))) -> Obesity | L69: {=IF(H69="?",INDEX($H$2:$H$2336,MODE(MATCH($H$2:$H$2336,$H$2:$H$2336,0))),H69)} -> yes
A70: Id69 | B70: 35.53 | C70: 4.36 | D70: yes | E70: No | F70: No | G70: No major surgery | H70: yes | I70: =COUNTIF(A70:H70, "?") -> 0 | J70: =IF(OR(G70="No major surgery"),0,G70) -> 0 | K70: =IF(B70<18.5,"Underweight", IF(B70<25,"Normal Weight", IF(B70<30,"Overweight", "Obesity"))) -> Obesity | L70: {=IF(H70="?",INDEX($H$2:$H$2336,MODE(MATCH($H$2:$H$2336,$H$2:$H$2336,0))),H70)} -> yes
A71: Id70 | B71: 30.8 | C71: 9.77 | D71: No | E71: No | F71: No | G71: No major surgery | H71: yes | I71: =COUNTIF(A71:H71, "?") -> 0 | J71: =IF(OR(G71="No major surgery"),0,G71) -> 0 | K71: =IF(B71<18.5,"Underweight", IF(B71<25,"Normal Weight", IF(B71<30,"Overweight", "Obesity"))) -> Obesity | L71: {=IF(H71="?",INDEX($H$2:$H$2336,MODE(MATCH($H$2:$H$2336,$H$2:$H$2336,0))),H71)} -> yes
A72: Id71 | B72: 38.39 | C72: 4.25 | D72: No | E72: No | F72: No | G72: 1 | H72: yes | I72: =COUNTIF(A72:H72, "?") -> 0 | J72: =IF(OR(G72="No major surgery"),0,G72) -> 1 | K72: =IF(B72<18.5,"Underweight", IF(B72<25,"Normal Weight", IF(B72<30,"Overweight", "Obesity"))) -> Obesity | L72: {=IF(H72="?",INDEX($H$2:$H$2336,MODE(MATCH($H$2:$H$2336,$H$2:$H$2336,0))),H72)} -> yes
A73: Id72 | B73: 32.3 | C73: 4.76 | D73: No | E73: No | F73: No | G73: 2 | H73: yes | I73: =COUNTIF(A73:H73, "?") -> 0 | J73: =IF(OR(G73="No major surgery"),0,G73) -> 2 | K73: =IF(B73<18.5,"Underweight", IF(B73<25,"Normal Weight", IF(B73<30,"Overweight", "Obesity"))) -> Obesity | L73: {=IF(H73="?",INDEX($H$2:$H$2336,MODE(MATCH($H$2:$H$2336,$H$2:$H$2336,0))),H73)} -> yes
A74: Id73 | B74: 48.8 | C74: 6.22 | D74: yes | E74: No | F74: No | G74: 2 | H74: yes | I74: =COUNTIF(A74:H74, "?") -> 0 | J74: =IF(OR(G74="No major surgery"),0,G74) -> 2 | K74: =IF(B74<18.5,"Underweight", IF(B74<25,"Normal Weight", IF(B74<30,"Overweight", "Obesity"))) -> Obesity | L74: {=IF(H74="?",INDEX($H$2:$H$2336,MODE(MATCH($H$2:$H$2336,$H$2:$H$2336,0))),H74)} -> yes
A75: Id74 | B75: 45.5 | C75: 7.96 | D75: No | E75: No | F75: No | G75: No major surgery | H75: yes | I75: =COUNTIF(A75:H75, "?") -> 0 | J75: =IF(OR(G75="No major surgery"),0,G75) -> 0 | K75: =IF(B75<18.5,"Underweight", IF(B75<25,"Normal Weight", IF(B75<30,"Overweight", "Obesity"))) -> Obesity | L75: {=IF(H75="?",INDEX($H$2:$H$2336,MODE(MATCH($H$2:$H$2336,$H$2:$H$2336,0))),H75)} -> yes
A76: Id75 | B76: 53.61 | C76: 10.92 | D76: yes | E76: No | F76: No | G76: 1 | H76: yes | I76: =COUNTIF(A76:H76, "?") -> 0 | J76: =IF(OR(G76="No major surgery"),0,G76) -> 1 | K76: =IF(B76<18.5,"Underweight", IF(B76<25,"Normal Weight", IF(B76<30,"Overweight", "Obesity"))) -> Obesity | L76: {=IF(H76="?",INDEX($H$2:$H$2336,MODE(MATCH($H$2:$H$2336,$H$2:$H$2336,0))),H76)} -> yes
A77: Id76 | B77: 36.19 | C77: 11.51 | D77: yes | E77: No | F77: No | G77: 1 | H77: yes | I77: =COUNTIF(A77:H77, "?") -> 0 | J77: =IF(OR(G77="No major surgery"),0,G77) -> 1 | K77: =IF(B77<18.5,"Underweight", IF(B77<25,"Normal Weight", IF(B77<30,"Overweight", "Obesity"))) -> Obesity | L77: {=IF(H77="?",INDEX($H$2:$H$2336,MODE(MATCH($H$2:$H$2336,$H$2:$H$2336,0))),H77)} -> yes
A78: Id77 | B78: 34.6 | C78: 5.99 | D78: yes | E78: No | F78: No | G78: No major surgery | H78: yes | I78: =COUNTIF(A78:H78, "?") -> 0 | J78: =IF(OR(G78="No major surgery"),0,G78) -> 0 | K78: =IF(B78<18.5,"Underweight", IF(B78<25,"Normal Weight", IF(B78<30,"Overweight", "Obesity"))) -> Obesity | L78: {=IF(H78="?",INDEX($H$2:$H$2336,MODE(MATCH($H$2:$H$2336,$H$2:$H$2336,0))),H78)} -> yes
A79: Id78 | B79: 54.12 | C79: 11.57 | D79: No | E79: No | F79: No | G79: No major surgery | H79: yes | I79: =COUNTIF(A79:H79, "?") -> 0 | J79: =IF(OR(G79="No major surgery"),0,G79) -> 0 | K79: =IF(B79<18.5,"Underweight", IF(B79<25,"Normal Weight", IF(B79<30,"Overweight", "Obesity"))) -> Obesity | L79: {=IF(H79="?",INDEX($H$2:$H$2336,MODE(MATCH($H$2:$H$2336,$H$2:$H$2336,0))),H79)} -> yes
A80: Id79 | B80: 48.82 | C80: 6.67 | D80: yes | E80: No | F80: No | G80: No major surgery | H80: yes | I80: =COUNTIF(A80:H80, "?") -> 0 | J80: =IF(OR(G80="No major surgery"),0,G80) -> 0 | K80: =IF(B80<18.5,"Underweight", IF(B80<25,"Normal Weight", IF(B80<30,"Overweight", "Obesity"))) -> Obesity | L80: {=IF(H80="?",INDEX($H$2:$H$2336,MODE(MATCH($H$2:$H$2336,$H$2:$H$2336,0))),H80)} -> yes
A81: Id80 | B81: 51.01 | C81: 9.2 | D81: No | E81: No | F81: No | G81: No major surgery | H81: yes | I81: =COUNTIF(A81:H81, "?") -> 0 | J81: =IF(OR(G81="No major surgery"),0,G81) -> 0 | K81: =IF(B81<18.5,"Underweight", IF(B81<25,"Normal Weight", IF(B81<30,"Overweight", "Obesity"))) -> Obesity | L81: {=IF(H81="?",INDEX($H$2:$H$2336,MODE(MATCH($H$2:$H$2336,$H$2:$H$2336,0))),H81)} -> yes
A82: Id81 | B82: 45.65 | C82: 5.11 | D82: yes | E82: No | F82: No | G82: 1 | H82: yes | I82: =COUNTIF(A82:H82, "?") -> 0 | J82: =IF(OR(G82="No major surgery"),0,G82) -> 1 | K82: =IF(B82<18.5,"Underweight", IF(B82<25,"Normal Weight", IF(B82<30,"Overweight", "Obesity"))) -> Obesity | L82: {=IF(H82="?",INDEX($H$2:$H$2336,MODE(MATCH($H$2:$H$2336,$H$2:$H$2336,0))),H82)} -> yes
A83: Id82 | B83: 52.9 | C83: 5.34 | D83: No | E83: No | F83: No | G83: No major surgery | H83: yes | I83: =COUNTIF(A83:H83, "?") -> 0 | J83: =IF(OR(G83="No major surgery"),0,G83) -> 0 | K83: =IF(B83<18.5,"Underweight", IF(B83<25,"Normal Weight", IF(B83<30,"Overweight", "Obesity"))) -> Obesity | L83: {=IF(H83="?",INDEX($H$2:$H$2336,MODE(MATCH($H$2:$H$2336,$H$2:$H$2336,0))),H83)} -> yes
A84: Id83 | B84: 45.41 | C84: 4.03 | D84: yes | E84: No | F84: No | G84: 1 | H84: yes | I84: =COUNTIF(A84:H84, "?") -> 0 | J84: =IF(OR(G84="No major surgery"),0,G84) -> 1 | K84: =IF(B84<18.5,"Underweight", IF(B84<25,"Normal Weight", IF(B84<30,"Overweight", "Obesity"))) -> Obesity | L84: {=IF(H84="?",INDEX($H$2:$H$2336,MODE(MATCH($H$2:$H$2336,$H$2:$H$2336,0))),H84)} -> yes
A85: Id84 | B85: 49.41 | C85: 4.23 | D85: yes | E85: No | F85: Yes | G85: 1 | H85: yes | I85: =COUNTIF(A85:H85, "?") -> 0 | J85: =IF(OR(G85="No major surgery"),0,G85) -> 1 | K85: =IF(B85<18.5,"Underweight", IF(B85<25,"Normal Weight", IF(B85<30,"Overweight", "Obesity"))) -> Obesity | L85: {=IF(H85="?",INDEX($H$2:$H$2336,MODE(MATCH($H$2:$H$2336,$H$2:$H$2336,0))),H85)} -> yes
A86: Id85 | B86: 31.825 | C86: 4.06 | D86: No | E86: No | F86: No | G86: 2 | H86: yes | I86: =COUNTIF(A86:H86, "?") -> 0 | J86: =IF(OR(G86="No major surgery"),0,G86) -> 2 | K86: =IF(B86<18.5,"Underweight", IF(B86<25,"Normal Weight", IF(B86<30,"Overweight", "Obesity"))) -> Obesity | L86: {=IF(H86="?",INDEX($H$2:$H$2336,MODE(MATCH($H$2:$H$2336,$H$2:$H$2336,0))),H86)} -> yes
A87: Id86 | B87: 51.28 | C87: 4.68 | D87: No | E87: No | F87: No | G87: 2 | H87: yes | I87: =COUNTIF(A87:H87, "?") -> 0 | J87: =IF(OR(G87="No major surgery"),0,G87) -> 2 | K87: =IF(B87<18.5,"Underweight", IF(B87<25,"Normal Weight", IF(B87<30,"Overweight", "Obesity"))) -> Obesity | L87: {=IF(H87="?",INDEX($H$2:$H$2336,MODE(MATCH($H$2:$H$2336,$H$2:$H$2336,0))),H87)} -> yes
A88: Id87 | B88: 34.96 | C88: 4.34 | D88: No | E88: No | F88: Yes | G88: 1 | H88: yes | I88: =COUNTIF(A88:H88, "?") -> 0 | J88: =IF(OR(G88="No major surgery"),0,G88) -> 1 | K88: =IF(B88<18.5,"Underweight", IF(B88<25,"Normal Weight", IF(B88<30,"Overweight", "Obesity"))) -> Obesity | L88: {=IF(H88="?",INDEX($H$2:$H$2336,MODE(MATCH($H$2:$H$2336,$H$2:$H$2336,0))),H88)} -> yes
A89: Id88 | B89: 33.11 | C89: 10.51 | D89: No | E89: No | F89: No | G89: No major surgery | H89: yes | I89: =COUNTIF(A89:H89, "?") -> 0 | J89: =IF(OR(G89="No major surgery"),0,G89) -> 0 | K89: =IF(B89<18.5,"Underweight", IF(B89<25,"Normal Weight", IF(B89<30,"Overweight", "Obesity"))) -> Obesity | L89: {=IF(H89="?",INDEX($H$2:$H$2336,MODE(MATCH($H$2:$H$2336,$H$2:$H$2336,0))),H89)} -> yes
A90: Id89 | B90: 54.74 | C90: 5.84 | D90: yes | E90: No | F90: Yes | G90: 1 | H90: yes | I90: =COUNTIF(A90:H90, "?") -> 0 | J90: =IF(OR(G90="No major surgery"),0,G90) -> 1 | K90: =IF(B90<18.5,"Underweight", IF(B90<25,"Normal Weight", IF(B90<30,"Overweight", "Obesity"))) -> Obesity | L90: {=IF(H90="?",INDEX($H$2:$H$2336,MODE(MATCH($H$2:$H$2336,$H$2:$H$2336,0))),H90)} -> yes
A91: Id90 | B91: 32.56 | C91: 5.41 | D91: No | E91: No | F91: Yes | G91: 1 | H91: yes | I91: =COUNTIF(A91:H91, "?") -> 0 | J91: =IF(OR(G91="No major surgery"),0,G91) -> 1 | K91: =IF(B91<18.5,"Underweight", IF(B91<25,"Normal Weight", IF(B91<30,"Overweight", "Obesity"))) -> Obesity | L91: {=IF(H91="?",INDEX($H$2:$H$2336,MODE(MATCH($H$2:$H$2336,$H$2:$H$2336,0))),H91)} -> yes
A92: Id91 | B92: 39.05 | C92: 6.06 | D92: No | E92: No | F92: No | G92: 1 | H92: yes | I92: =COUNTIF(A92:H92, "?") -> 0 | J92: =IF(OR(G92="No major surgery"),0,G92) -> 1 | K92: =IF(B92<18.5,"Underweight", IF(B92<25,"Normal Weight", IF(B92<30,"Overweight", "Obesity"))) -> Obesity | L92: {=IF(H92="?",INDEX($H$2:$H$2336,MODE(MATCH($H$2:$H$2336,$H$2:$H$2336,0))),H92)} -> yes
A93: Id92 | B93: 42.75 | C93: 4.22 | D93: No | E93: No | F93: No | G93: No major surgery | H93: yes | I93: =COUNTIF(A93:H93, "?") -> 0 | J93: =IF(OR(G93="No major surgery"),0,G93) -> 0 | K93: =IF(B93<18.5,"Underweight", IF(B93<25,"Normal Weight", IF(B93<30,"Overweight", "Obesity"))) -> Obesity | L93: {=IF(H93="?",INDEX($H$2:$H$2336,MODE(MATCH($H$2:$H$2336,$H$2:$H$2336,0))),H93)} -> yes
A94: Id93 | B94: 50.58 | C94: 5.12 | D94: No | E94: No | F94: No | G94: 2 | H94: yes | I94: =COUNTIF(A94:H94, "?") -> 0 | J94: =IF(OR(G94="No major surgery"),0,G94) -> 2 | K94: =IF(B94<18.5,"Underweight", IF(B94<25,"Normal Weight", IF(B94<30,"Overweight", "Obesity"))) -> Obesity | L94: {=IF(H94="?",INDEX($H$2:$H$2336,MODE(MATCH($H$2:$H$2336,$H$2:$H$2336,0))),H94)} -> yes
A95: Id94 | B95: 30.495 | C95: 4.57 | D95: yes | E95: No | F95: No | G95: No major surgery | H95: yes | I95: =COUNTIF(A95:H95, "?") -> 0 | J95: =IF(OR(G95="No major surgery"),0,G95) -> 0 | K95: =IF(B95<18.5,"Underweight", IF(B95<25,"Normal Weight", IF(B95<30,"Overweight", "Obesity"))) -> Obesity | L95: {=IF(H95="?",INDEX($H$2:$H$2336,MODE(MATCH($H$2:$H$2336,$H$2:$H$2336,0))),H95)} -> yes
A96: Id95 | B96: 48.31 | C96: 9.58 | D96: yes | E96: No | F96: No | G96: 2 | H96: yes | I96: =COUNTIF(A96:H96, "?") -> 0 | J96: =IF(OR(G96="No major surgery"),0,G96) -> 2 | K96: =IF(B96<18.5,"Underweight", IF(B96<25,"Normal Weight", IF(B96<30,"Overweight", "Obesity"))) -> Obesity | L96: {=IF(H96="?",INDEX($H$2:$H$2336,MODE(MATCH($H$2:$H$2336,$H$2:$H$2336,0))),H96)} -> yes
A97: Id96 | B97: 48.99 | C97: 9.78 | D97: yes | E97: No | F97: No | G97: 1 | H97: yes | I97: =COUNTIF(A97:H97, "?") -> 0 | J97: =IF(OR(G97="No major surgery"),0,G97) -> 1 | K97: =IF(B97<18.5,"Underweight", IF(B97<25,"Normal Weight", IF(B97<30,"Overweight", "Obesity"))) -> Obesity | L97: {=IF(H97="?",INDEX($H$2:$H$2336,MODE(MATCH($H$2:$H$2336,$H$2:$H$2336,0))),H97)} -> yes
A98: Id97 | B98: 38.39 | C98: 4.11 | D98: yes | E98: No | F98: No | G98: No major surgery | H98: yes | I98: =COUNTIF(A98:H98, "?") -> 0 | J98: =IF(OR(G98="No major surgery"),0,G98) -> 0 | K98: =IF(B98<18.5,"Underweight", IF(B98<25,"Normal Weight", IF(B98<30,"Overweight", "Obesity"))) -> Obesity | L98: {=IF(H98="?",INDEX($H$2:$H$2336,MODE(MATCH($H$2:$H$2336,$H$2:$H$2336,0))),H98)} -> yes
A99: Id98 | B99: 44.34 | C99: 4.02 | D99: yes | E99: No | F99: No | G99: 2 | H99: yes | I99: =COUNTIF(A99:H99, "?") -> 0 | J99: =IF(OR(G99="No major surgery"),0,G99) -> 2 | K99: =IF(B99<18.5,"Underweight", IF(B99<25,"Normal Weight", IF(B99<30,"Overweight", "Obesity"))) -> Obesity | L99: {=IF(H99="?",INDEX($H$2:$H$2336,MODE(MATCH($H$2:$H$2336,$H$2:$H$2336,0))),H99)} -> yes
A100: Id99 | B100: 41.51 | C100: 6.92 | D100: No | E100: No | F100: No | G100: No major surgery | H100: yes | I100: =COUNTIF(A100:H100, "?") -> 0 | J100: =IF(OR(G100="No major surgery"),0,G100) -> 0 | K100: =IF(B100<18.5,"Underweight", IF(B100<25,"Normal Weight", IF(B100<30,"Overweight", "Obesity"))) -> Obesity | L100: {=IF(H100="?",INDEX($H$2:$H$2336,MODE(MATCH($H$2:$H$2336,$H$2:$H$2336,0))),H100)} -> yes
...

Sheet Hospitalisation Details
A1: Customer ID | B1: year | C1: month | D1: date | E1: children | F1: charges | G1: Hospital tier | H1: City tier | I1: State ID | J1: count_blank | K1: customer_no | L1: month | M1: year_average | N1: hsplt_handled | O1: city_handled | P1: state_id | Q1: dd/mm/yy | R1: age | S1: charges | T1: Count
A2: Id2335 | B2: 1992 | C2: Jul | D2: 9 | E2: 0 | F2: 563.84 | G2: tier - 2 | H2: tier - 3 | I2: R1013 | J2: =COUNTIF(A2:I2, "?") -> 0 | K2: =IF(A2="?", "Unknown", A2) -> Id2335 | L2: =IF(C2="?", "Sep", C2) -> Jul | M2: =IF(B2="?",AVERAGE($B$2:$B$2344),B2) -> 1992 | N2: {=IF(G2="?",INDEX($G$2:$G$2344,MODE(MATCH($G$2:$G$2344,$G$2:$G$2344,0))),G2)} -> tier - 2 | O2: {=IF(H2="?",INDEX($H$2:$H$2344,MODE(MATCH($H$2:$H$2344,$H$2:$H$2344,0))),H2)} -> tier - 3 | P2: =IF(I2="?", "Unknown", I2) -> R1013 | Q2: =DATE(B2, MONTH(1 & L2), D2) -> 33794 | R2: =DATEDIF(Q2, DATE(2023,6,8), "Y") -> 30 | T2: =COUNTA(Table3[[#This Row],[month]:[age]]) -> 7
A3: Id2334 | B3: 1992 | C3: Nov | D3: 30 | E3: 0 | F3: 570.62 | G3: tier - 2 | H3: tier - 1 | I3: R1013 | J3: =COUNTIF(A3:I3, "?") -> 0 | K3: =IF(A3="?", "Unknown", A3) -> Id2334 | L3: =IF(C3="?", "Sep", C3) -> Nov | M3: =IF(B3="?",AVERAGE($B$2:$B$2344),B3) -> 1992 | N3: {=IF(G3="?",INDEX($G$2:$G$2344,MODE(MATCH($G$2:$G$2344,$G$2:$G$2344,0))),G3)} -> tier - 2 | O3: {=IF(H3="?",INDEX($H$2:$H$2344,MODE(MATCH($H$2:$H$2344,$H$2:$H$2344,0))),H3)} -> tier - 1 | P3: =IF(I3="?", "Unknown", I3) -> R1013 | Q3: =DATE(B3, MONTH(1 & L3), D3) -> 33938 | R3: =DATEDIF(Q3, DATE(2023,6,8), "Y") -> 30 | T3: =COUNTA(Table3[[#This Row],[month]:[age]]) -> 7
A4: Id2333 | B4: 1993 | C4: Jun | D4: 30 | E4: 0 | F4: 600 | G4: tier - 2 | H4: tier - 1 | I4: R1013 | J4: =COUNTIF(A4:I4, "?") -> 0 | K4: =IF(A4="?", "Unknown", A4) -> Id2333 | L4: =IF(C4="?", "Sep", C4) -> Jun | M4: =IF(B4="?",AVERAGE($B$2:$B$2344),B4) -> 1993 | N4: {=IF(G4="?",INDEX($G$2:$G$2344,MODE(MATCH($G$2:$G$2344,$G$2:$G$2344,0))),G4)} -> tier - 2 | O4: {=IF(H4="?",INDEX($H$2:$H$2344,MODE(MATCH($H$2:$H$2344,$H$2:$H$2344,0))),H4)} -> tier - 1 | P4: =IF(I4="?", "Unknown", I4) -> R1013 | Q4: =DATE(B4, MONTH(1 & L4), D4) -> 34150 | R4: =DATEDIF(Q4, DATE(2023,6,8), "Y") -> 29 | T4: =COUNTA(Table3[[#This Row],[month]:[age]]) -> 7
A5: Id2332 | B5: 1992 | C5: Sep | D5: 13 | E5: 0 | F5: 604.54 | G5: tier - 3 | H5: tier - 3 | I5: R1013 | J5: =COUNTIF(A5:I5, "?") -> 0 | K5: =IF(A5="?", "Unknown", A5) -> Id2332 | L5: =IF(C5="?", "Sep", C5) -> Sep | M5: =IF(B5="?",AVERAGE($B$2:$B$2344),B5) -> 1992 | N5: {=IF(G5="?",INDEX($G$2:$G$2344,MODE(MATCH($G$2:$G$2344,$G$2:$G$2344,0))),G5)} -> tier - 3 | O5: {=IF(H5="?",INDEX($H$2:$H$2344,MODE(MATCH($H$2:$H$2344,$H$2:$H$2344,0))),H5)} -> tier - 3 | P5: =IF(I5="?", "Unknown", I5) -> R1013 | Q5: =DATE(B5, MONTH(1 & L5), D5) -> 33860 | R5: =DATEDIF(Q5, DATE(2023,6,8), "Y") -> 30 | T5: =COUNTA(Table3[[#This Row],[month]:[age]]) -> 7
A6: Id2331 | B6: 1998 | C6: Jul | D6: 27 | E6: 0 | F6: 637.26 | G6: tier - 3 | H6: tier - 3 | I6: R1013 | J6: =COUNTIF(A6:I6, "?") -> 0 | K6: =IF(A6="?", "Unknown", A6) -> Id2331 | L6: =IF(C6="?", "Sep", C6) -> Jul | M6: =IF(B6="?",AVERAGE($B$2:$B$2344),B6) -> 1998 | N6: {=IF(G6="?",INDEX($G$2:$G$2344,MODE(MATCH($G$2:$G$2344,$G$2:$G$2344,0))),G6)} -> tier - 3 | O6: {=IF(H6="?",INDEX($H$2:$H$2344,MODE(MATCH($H$2:$H$2344,$H$2:$H$2344,0))),H6)} -> tier - 3 | P6: =IF(I6="?", "Unknown", I6) -> R1013 | Q6: =DATE(B6, MONTH(1 & L6), D6) -> 36003 | R6: =DATEDIF(Q6, DATE(2023,6,8), "Y") -> 24 | T6: =COUNTA(Table3[[#This Row],[month]:[age]]) -> 7
A7: Id2330 | B7: 2001 | C7: Nov | D7: 20 | E7: 0 | F7: 646.14 | G7: tier - 3 | H7: tier - 3 | I7: R1012 | J7: =COUNTIF(A7:I7, "?") -> 0 | K7: =IF(A7="?", "Unknown", A7) -> Id2330 | L7: =IF(C7="?", "Sep", C7) -> Nov | M7: =IF(B7="?",AVERAGE($B$2:$B$2344),B7) -> 2001 | N7: {=IF(G7="?",INDEX($G$2:$G$2344,MODE(MATCH($G$2:$G$2344,$G$2:$G$2344,0))),G7)} -> tier - 3 | O7: {=IF(H7="?",INDEX($H$2:$H$2344,MODE(MATCH($H$2:$H$2344,$H$2:$H$2344,0))),H7)} -> tier - 3 | P7: =IF(I7="?", "Unknown", I7) -> R1012 | Q7: =DATE(B7, MONTH(1 & L7), D7) -> 37215 | R7: =DATEDIF(Q7, DATE(2023,6,8), "Y") -> 21 | T7: =COUNTA(Table3[[#This Row],[month]:[age]]) -> 7
A8: Id2329 | B8: 1993 | C8: Jun | D8: 1 | E8: 0 | F8: 650 | G8: tier - 3 | H8: tier - 3 | I8: R1013 | J8: =COUNTIF(A8:I8, "?") -> 0 | K8: =IF(A8="?", "Unknown", A8) -> Id2329 | L8: =IF(C8="?", "Sep", C8) -> Jun | M8: =IF(B8="?",AVERAGE($B$2:$B$2344),B8) -> 1993 | N8: {=IF(G8="?",INDEX($G$2:$G$2344,MODE(MATCH($G$2:$G$2344,$G$2:$G$2344,0))),G8)} -> tier - 3 | O8: {=IF(H8="?",INDEX($H$2:$H$2344,MODE(MATCH($H$2:$H$2344,$H$2:$H$2344,0))),H8)} -> tier - 3 | P8: =IF(I8="?", "Unknown", I8) -> R1013 | Q8: =DATE(B8, MONTH(1 & L8), D8) -> 34121 | R8: =DATEDIF(Q8, DATE(2023,6,8), "Y") -> 30 | T8: =COUNTA(Table3[[#This Row],[month]:[age]]) -> 7
A9: Id2328 | B9: 1995 | C9: Jul | D9: 4 | E9: 0 | F9: 650 | G9: tier - 3 | H9: tier - 3 | I9: R1013 | J9: =COUNTIF(A9:I9, "?") -> 0 | K9: =IF(A9="?", "Unknown", A9) -> Id2328 | L9: =IF(C9="?", "Sep", C9) -> Jul | M9: =IF(B9="?",AVERAGE($B$2:$B$2344),B9) -> 1995 | N9: {=IF(G9="?",INDEX($G$2:$G$2344,MODE(MATCH($G$2:$G$2344,$G$2:$G$2344,0))),G9)} -> tier - 3 | O9: {=IF(H9="?",INDEX($H$2:$H$2344,MODE(MATCH($H$2:$H$2344,$H$2:$H$2344,0))),H9)} -> tier - 3 | P9: =IF(I9="?", "Unknown", I9) -> R1013 | Q9: =DATE(B9, MONTH(1 & L9), D9) -> 34884 | R9: =DATEDIF(Q9, DATE(2023,6,8), "Y") -> 27 | T9: =COUNTA(Table3[[#This Row],[month]:[age]]) -> 7
A10: Id2327 | B10: 2002 | C10: Nov | D10: 29 | E10: 0 | F10: 668 | G10: tier - 3 | H10: tier - 2 | I10: R1012 | J10: =COUNTIF(A10:I10, "?") -> 0 | K10: =IF(A10="?", "Unknown", A10) -> Id2327 | L10: =IF(C10="?", "Sep", C10) -> Nov | M10: =IF(B10="?",AVERAGE($B$2:$B$2344),B10) -> 2002 | N10: {=IF(G10="?",INDEX($G$2:$G$2344,MODE(MATCH($G$2:$G$2344,$G$2:$G$2344,0))),G10)} -> tier - 3 | O10: {=IF(H10="?",INDEX($H$2:$H$2344,MODE(MATCH($H$2:$H$2344,$H$2:$H$2344,0))),H10)} -> tier - 2 | P10: =IF(I10="?", "Unknown", I10) -> R1012 | Q10: =DATE(B10, MONTH(1 & L10), D10) -> 37589 | R10: =DATEDIF(Q10, DATE(2023,6,8), "Y") -> 20 | T10: =COUNTA(Table3[[#This Row],[month]:[age]]) -> 7
A11: Id2326 | B11: 1997 | C11: Nov | D11: 9 | E11: 0 | F11: 670 | G11: tier - 3 | H11: tier - 3 | I11: R1013 | J11: =COUNTIF(A11:I11, "?") -> 0 | K11: =IF(A11="?", "Unknown", A11) -> Id2326 | L11: =IF(C11="?", "Sep", C11) -> Nov | M11: =IF(B11="?",AVERAGE($B$2:$B$2344),B11) -> 1997 | N11: {=IF(G11="?",INDEX($G$2:$G$2344,MODE(MATCH($G$2:$G$2344,$G$2:$G$2344,0))),G11)} -> tier - 3 | O11: {=IF(H11="?",INDEX($H$2:$H$2344,MODE(MATCH($H$2:$H$2344,$H$2:$H$2344,0))),H11)} -> tier - 3 | P11: =IF(I11="?", "Unknown", I11) -> R1013 | Q11: =DATE(B11, MONTH(1 & L11), D11) -> 35743 | R11: =DATEDIF(Q11, DATE(2023,6,8), "Y") -> 25 | T11: =COUNTA(Table3[[#This Row],[month]:[age]]) -> 7
A12: Id2325 | B12: 2001 | C12: Sep | D12: 12 | E12: 0 | F12: 687.54 | G12: tier - 3 | H12: tier - 2 | I12: R1013 | J12: =COUNTIF(A12:I12, "?") -> 0 | K12: =IF(A12="?", "Unknown", A12) -> Id2325 | L12: =IF(C12="?", "Sep", C12) -> Sep | M12: =IF(B12="?",AVERAGE($B$2:$B$2344),B12) -> 2001 | N12: {=IF(G12="?",INDEX($G$2:$G$2344,MODE(MATCH($G$2:$G$2344,$G$2:$G$2344,0))),G12)} -> tier - 3 | O12: {=IF(H12="?",INDEX($H$2:$H$2344,MODE(MATCH($H$2:$H$2344,$H$2:$H$2344,0))),H12)} -> tier - 2 | P12: =IF(I12="?", "Unknown", I12) -> R1013 | Q12: =DATE(B12, MONTH(1 & L12), D12) -> 37146 | R12: =DATEDIF(Q12, DATE(2023,6,8), "Y") -> 21 | T12: =COUNTA(Table3[[#This Row],[month]:[age]]) -> 7
A13: Id2324 | B13: 1999 | C13: Dec | D13: 26 | E13: 0 | F13: 700 | G13: ? | H13: tier - 3 | I13: R1013 | J13: =COUNTIF(A13:I13, "?") -> 1 | K13: =IF(A13="?", "Unknown", A13) -> Id2324 | L13: =IF(C13="?", "Sep", C13) -> Dec | M13: =IF(B13="?",AVERAGE($B$2:$B$2344),B13) -> 1999 | N13: {=IF(G13="?",INDEX($G$2:$G$2344,MODE(MATCH($G$2:$G$2344,$G$2:$G$2344,0))),G13)} -> tier - 2 | O13: {=IF(H13="?",INDEX($H$2:$H$2344,MODE(MATCH($H$2:$H$2344,$H$2:$H$2344,0))),H13)} -> tier - 3 | P13: =IF(I13="?", "Unknown", I13) -> R1013 | Q13: =DATE(B13, MONTH(1 & L13), D13) -> 36520 | R13: =DATEDIF(Q13, DATE(2023,6,8), "Y") -> 23 | T13: =COUNTA(Table3[[#This Row],[month]:[age]]) -> 7
... A1050: Id1290 | B1050: 1977 | C1050: Jul | D1050: 26 | E1050: 2 | F1050: 8527.53 | G1050: tier - 2 | H1050: tier - 2 | I1050: R1013 | J1050: =COUNTIF(A1050:I1050, "?") -> 0 | K1050: =IF(A1050="?", "Unknown", A1050) -> Id1290 | L1050: =IF(C1050="?", "Sep", C1050) -> Jul | M1050: =IF(B1050="?",AVERAGE($B$2:$B$2344),B1050) -> 1977 | N1050: {=IF(G1050="?",INDEX($G$2:$G$2344,MODE(MATCH($G$2:$G$2344,$G$2:$G$2344,0))),G1050)} -> tier - 2 | O1050: {=IF(H1050="?",INDEX($H$2:$H$2344,MODE(MATCH($H$2:$H$2344,$H$2:$H$2344,0))),H1050)} -> tier - 2 | P1050: =IF(I1050="?", "Unknown", I1050) -> R1013 | Q1050: =DATE(B1050, MONTH(1 & L1050), D1050) -> 28332 | R1050: =DATEDIF(Q1050, DATE(2023,6,8), "Y") -> 45 | T1050: =COUNTA(Table3[[#This Row],[month]:[age]]) -> 7
A1051: Id1289 | B1051: ? | C1051: Jul | D1051: 24 | E1051: 0 | F1051: 8534.67 | G1051: tier - 2 | H1051: tier - 3 | I1051: R1024 | J1051: =COUNTIF(A1051:I1051, "?") -> 1 | K1051: =IF(A1051="?", "Unknown", A1051) -> Id1289 | L1051: =IF(C1051="?", "Sep", C1051) -> Jul | M1051: =IF(B1051="?",AVERAGE($B$2:$B$2344),B1051) -> 1982.8415 | N1051: {=IF(G1051="?",INDEX($G$2:$G$2344,MODE(MATCH($G$2:$G$2344,$G$2:$G$2344,0))),G1051)} -> tier - 2 | O1051: {=IF(H1051="?",INDEX($H$2:$H$2344,MODE(MATCH($H$2:$H$2344,$H$2:$H$2344,0))),H1051)} -> tier - 3 | P1051: =IF(I1051="?", "Unknown", I1051) -> R1024 | Q1051: =DATE(B1051, MONTH(1 & L1051), D1051) -> #VALUE! | R1051: =DATEDIF(Q1051, DATE(2023,6,8), "Y") -> #VALUE! | T1051: =COUNTA(Table3[[#This Row],[month]:[age]]) -> 7
A1052: Id1288 | B1052: 1981 | C1052: Dec | D1052: 27 | E1052: 3 | F1052: 8538.29 | G1052: tier - 2 | H1052: tier - 3 | I1052: R1024 | J1052: =COUNTIF(A1052:I1052, "?") -> 0 | K1052: =IF(A1052="?", "Unknown", A1052) -> Id1288 | L1052: =IF(C1052="?", "Sep", C1052) -> Dec | M1052: =IF(B1052="?",AVERAGE($B$2:$B$2344),B1052) -> 1981 | N1052: {=IF(G1052="?",INDEX($G$2:$G$2344,MODE(MATCH($G$2:$G$2344,$G$2:$G$2344,0))),G1052)} -> tier - 2 | O1052: {=IF(H1052="?",INDEX($H$2:$H$2344,MODE(MATCH($H$2:$H$2344,$H$2:$H$2344,0))),H1052)} -> tier - 3 | P1052: =IF(I1052="?", "Unknown", I1052) -> R1024 | Q1052: =DATE(B1052, MONTH(1 & L1052), D1052) -> 29947 | R1052: =DATEDIF(Q1052, DATE(2023,6,8), "Y") -> 41 | T1052: =COUNTA(Table3[[#This Row],[month]:[age]]) -> 7
A1053: Id1287 | B1053: 1975 | C1053: Nov | D1053: 6 | E1053: 1 | F1053: 8539.67 | G1053: tier - 2 | H1053: tier - 3 | I1053: R1011 | J1053: =COUNTIF(A1053:I1053, "?") -> 0 | K1053: =IF(A1053="?", "Unknown", A1053) -> Id1287 | L1053: =IF(C1053="?", "Sep", C1053) -> Nov | M1053: =IF(B1053="?",AVERAGE($B$2:$B$2344),B1053) -> 1975 | N1053: {=IF(G1053="?",INDEX($G$2:$G$2344,MODE(MATCH($G$2:$G$2344,$G$2:$G$2344,0))),G1053)} -> tier - 2 | O1053: {=IF(H1053="?",INDEX($H$2:$H$2344,MODE(MATCH($H$2:$H$2344,$H$2:$H$2344,0))),H1053)} -> tier - 3 | P1053: =IF(I1053="?", "Unknown", I1053) -> R1011 | Q1053: =DATE(B1053, MONTH(1 & L1053), D1053) -> 27704 | R1053: =DATEDIF(Q1053, DATE(2023,6,8), "Y") -> 47 | T1053: =COUNTA(Table3[[#This Row],[month]:[age]]) -> 7
A1054: Id1286 | B1054: ? | C1054: Dec | D1054: 12 | E1054: 1 | F1054: 8547.69 | G1054: tier - 2 | H1054: tier - 1 | I1054: R1013 | J1054: =COUNTIF(A1054:I1054, "?") -> 1 | K1054: =IF(A1054="?", "Unknown", A1054) -> Id1286 | L1054: =IF(C1054="?", "Sep", C1054) -> Dec | M1054: =IF(B1054="?",AVERAGE($B$2:$B$2344),B1054) -> 1982.8415 | N1054: {=IF(G1054="?",INDEX($G$2:$G$2344,MODE(MATCH($G$2:$G$2344,$G$2:$G$2344,0))),G1054)} -> tier - 2 | O1054: {=IF(H1054="?",INDEX($H$2:$H$2344,MODE(MATCH($H$2:$H$2344,$H$2:$H$2344,0))),H1054)} -> tier - 1 | P1054: =IF(I1054="?", "Unknown", I1054) -> R1013 | Q1054: =DATE(B1054, MONTH(1 & L1054), D1054) -> #VALUE! | R1054: =DATEDIF(Q1054, DATE(2023,6,8), "Y") -> #VALUE! | T1054: =COUNTA(Table3[[#This Row],[month]:[age]]) -> 7
A1055: Id1285 | B1055: 1975 | C1055: Aug | D1055: 6 | E1055: 1 | F1055: 8551.35 | G1055: tier - 2 | H1055: tier - 2 | I1055: R1011 | J1055: =COUNTIF(A1055:I1055, "?") -> 0 | K1055: =IF(A1055="?", "Unknown", A1055) -> Id1285 | L1055: =IF(C1055="?", "Sep", C1055) -> Aug | M1055: =IF(B1055="?",AVERAGE($B$2:$B$2344),B1055) -> 1975 | N1055: {=IF(G1055="?",INDEX($G$2:$G$2344,MODE(MATCH($G$2:$G$2344,$G$2:$G$2344,0))),G1055)} -> tier - 2 | O1055: {=IF(H1055="?",INDEX($H$2:$H$2344,MODE(MATCH($H$2:$H$2344,$H$2:$H$2344,0))),H1055)} -> tier - 2 | P1055: =IF(I1055="?", "Unknown", I1055) -> R1011 | Q1055: =DATE(B1055, MONTH(1 & L1055), D1055) -> 27612 | R1055: =DATEDIF(Q1055, DATE(2023,6,8), "Y") -> 47 | T1055: =COUNTA(Table3[[#This Row],[month]:[age]]) -> 7
A1056: Id1284 | B1056: 1975 | C1056: Aug | D1056: 21 | E1056: 1 | F1056: 8556.91 | G1056: tier - 2 | H1056: tier - 1 | I1056: R1011 | J1056: =COUNTIF(A1056:I1056, "?") -> 0 | K1056: =IF(A1056="?", "Unknown", A1056) -> Id1284 | L1056: =IF(C1056="?", "Sep", C1056) -> Aug | M1056: =IF(B1056="?",AVERAGE($B$2:$B$2344),B1056) -> 1975 | N1056: {=IF(G1056="?",INDEX($G$2:$G$2344,MODE(MATCH($G$2:$G$2344,$G$2:$G$2344,0))),G1056)} -> tier - 2 | O1056: {=IF(H1056="?",INDEX($H$2:$H$2344,MODE(MATCH($H$2:$H$2344,$H$2:$H$2344,0))),H1056)} -> tier - 1 | P1056: =IF(I1056="?", "Unknown", I1056) -> R1011 | Q1056: =DATE(B1056, MONTH(1 & L1056), D1056) -> 27627 | R1056: =DATEDIF(Q1056, DATE(2023,6,8), "Y") -> 47 | T1056: =COUNTA(Table3[[#This Row],[month]:[age]]) -> 7
A1057: Id1283 | B1057: 1988 | C1057: Sep | D1057: 21 | E1057: 3 | F1057: 8567.25 | G1057: tier - 2 | H1057: tier - 1 | I1057: R1012 | J1057: =COUNTIF(A1057:I1057, "?") -> 0 | K1057: =IF(A1057="?", "Unknown", A1057) -> Id1283 | L1057: =IF(C1057="?", "Sep", C1057) -> Sep | M1057: =IF(B1057="?",AVERAGE($B$2:$B$2344),B1057) -> 1988 | N1057: {=IF(G1057="?",INDEX($G$2:$G$2344,MODE(MATCH($G$2:$G$2344,$G$2:$G$2344,0))),G1057)} -> tier - 2 | O1057: {=IF(H1057="?",INDEX($H$2:$H$2344,MODE(MATCH($H$2:$H$2344,$H$2:$H$2344,0))),H1057)} -> tier - 1 | P1057: =IF(I1057="?", "Unknown", I1057) -> R1012 | Q1057: =DATE(B1057, MONTH(1 & L1057), D1057) -> 32407 | R1057: =DATEDIF(Q1057, DATE(2023,6,8), "Y") -> 34 | T1057: =COUNTA(Table3[[#This Row],[month]:[age]]) -> 7
A1058: Id1282 | B1058: 1975 | C1058: Sep | D1058: 26 | E1058: 1 | F1058: 8569.86 | G1058: tier - 2 | H1058: tier - 3 | I1058: R1013 | J1058: =COUNTIF(A1058:I1058, "?") -> 0 | K1058: =IF(A1058="?", "Unknown", A1058) -> Id1282 | L1058: =IF(C1058="?", "Sep", C1058) -> Sep | M1058: =IF(B1058="?",AVERAGE($B$2:$B$2344),B1058) -> 1975 | N1058: {=IF(G1058="?",INDEX($G$2:$G$2344,MODE(MATCH($G$2:$G$2344,$G$2:$G$2344,0))),G1058)} -> tier - 2 | O1058: {=IF(H1058="?",INDEX($H$2:$H$2344,MODE(MATCH($H$2:$H$2344,$H$2:$H$2344,0))),H1058)} -> tier - 3 | P1058: =IF(I1058="?", "Unknown", I1058) -> R1013 | Q1058: =DATE(B1058, MONTH(1 & L1058), D1058) -> 27663 | R1058: =DATEDIF(Q1058, DATE(2023,6,8), "Y") -> 47 | T1058: =COUNTA(Table3[[#This Row],[month]:[age]]) -> 7
A1059: Id1281 | B1059: 1982 | C1059: Dec | D1059: 6 | E1059: 3 | F1059: 8572.04 | G1059: tier - 2 | H1059: tier - 2 | I1059: R1021 | J1059: =COUNTIF(A1059:I1059, "?") -> 0 | K1059: =IF(A1059="?", "Unknown", A1059) -> Id1281 | L1059: =IF(C1059="?", "Sep", C1059) -> Dec | M1059: =IF(B1059="?",AVERAGE($B$2:$B$2344),B1059) -> 1982 | N1059: {=IF(G1059="?",INDEX($G$2:$G$2344,MODE(MATCH($G$2:$G$2344,$G$2:$G$2344,0))),G1059)} -> tier - 2 | O1059: {=IF(H1059="?",INDEX($H$2:$H$2344,MODE(MATCH($H$2:$H$2344,$H$2:$H$2344,0))),H1059)} -> tier - 2 | P1059: =IF(I1059="?", "Unknown", I1059) -> R1021 | Q1059: =DATE(B1059, MONTH(1 & L1059), D1059) -> 30291 | R1059: =DATEDIF(Q1059, DATE(2023,6,8), "Y") -> 40 | T1059: =COUNTA(Table3[[#This Row],[month]:[age]]) -> 7
A1060: Id1280 | B1060: 1987 | C1060: Nov | D1060: 11 | E1060: 3 | F1060: 8573.3 | G1060: tier - 2 | H1060: tier - 2 | I1060: R1021 | J1060: =COUNTIF(A1060:I1060, "?") -> 0 | K1060: =IF(A1060="?", "Unknown", A1060) -> Id1280 | L1060: =IF(C1060="?", "Sep", C1060) -> Nov | M1060: =IF(B1060="?",AVERAGE($B$2:$B$2344),B1060) -> 1987 | N1060: {=IF(G1060="?",INDEX($G$2:$G$2344,MODE(MATCH($G$2:$G$2344,$G$2:$G$2344,0))),G1060)} -> tier - 2 | O1060: {=IF(H1060="?",INDEX($H$2:$H$2344,MODE(MATCH($H$2:$H$2344,$H$2:$H$2344,0))),H1060)} -> tier - 2 | P1060: =IF(I1060="?", "Unknown", I1060) -> R1021 | Q1060: =DATE(B1060, MONTH(1 & L1060), D1060) -> 32092 | R1060: =DATEDIF(Q1060, DATE(2023,6,8), "Y") -> 35 | T1060: =COUNTA(Table3[[#This Row],[month]:[age]]) -> 7
A1061: Id1279 | B1061: 1983 | C1061: Dec | D1061: 30 | E1061: 5 | F1061: 8582.3 | G1061: tier - 2 | H1061: tier - 1 | I1061: R1013 | J1061: =COUNTIF(A1061:I1061, "?") -> 0 | K1061: =IF(A1061="?", "Unknown", A1061) -> Id1279 | L1061: =IF(C1061="?", "Sep", C1061) -> Dec | M1061: =IF(B1061="?",AVERAGE($B$2:$B$2344),B1061) -> 1983 | N1061: {=IF(G1061="?",INDEX($G$2:$G$2344,MODE(MATCH($G$2:$G$2344,$G$2:$G$2344,0))),G1061)} -> tier - 2 | O1061: {=IF(H1061="?",INDEX($H$2:$H$2344,MODE(MATCH($H$2:$H$2344,$H$2:$H$2344,0))),H1061)} -> tier - 1 | P1061: =IF(I1061="?", "Unknown", I1061) -> R1013 | Q1061: =DATE(B1061, MONTH(1 & L1061), D1061) -> 30680 | R1061: =DATEDIF(Q1061, DATE(2023,6,8), "Y") -> 39 | T1061: =COUNTA(Table3[[#This Row],[month]:[age]]) -> 7
A1062: Id1278 | B1062: 1983 | C1062: Jul | D1062: 25 | E1062: 5 | F1062: 8596.83 | G1062: tier - 2 | H1062: tier - 3 | I1062: R1013 | J1062: =COUNTIF(A1062:I1062, "?") -> 0 | K1062: =IF(A1062="?", "Unknown", A1062) -> Id1278 | L1062: =IF(C1062="?", "Sep", C1062) -> Jul | M1062: =IF(B1062="?",AVERAGE($B$2:$B$2344),B1062) -> 1983 | N1062: {=IF(G1062="?",INDEX($G$2:$G$2344,MODE(MATCH($G$2:$G$2344,$G$2:$G$2344,0))),G1062)} -> tier - 2 | O1062: {=IF(H1062="?",INDEX($H$2:$H$2344,MODE(MATCH($H$2:$H$2344,$H$2:$H$2344,0))),H1062)} -> tier - 3 | P1062: =IF(I1062="?", "Unknown", I1062) -> R1013 | Q1062: =DATE(B1062, MONTH(1 & L1062), D1062) -> 30522 | R1062: =DATEDIF(Q1062, DATE(2023,6,8), "Y") -> 39 | T1062: =COUNTA(Table3[[#This Row],[month]:[age]]) -> 7
A1063: Id1277 | B1063: 1973 | C1063: Jul | D1063: 11 | E1063: 0 | F1063: 8601.33 | G1063: tier - 2 | H1063: tier - 1 | I1063: R1013 | J1063: =COUNTIF(A1063:I1063, "?") -> 0 | K1063: =IF(A1063="?", "Unknown", A1063) -> Id1277 | L1063: =IF(C1063="?", "Sep", C1063) -> Jul | M1063: =IF(B1063="?",AVERAGE($B$2:$B$2344),B1063) -> 1973 | N1063: {=IF(G1063="?",INDEX($G$2:$G$2344,MODE(MATCH($G$2:$G$2344,$G$2:$G$2344,0))),G1063)} -> tier - 2 | O1063: {=IF(H1063="?",INDEX($H$2:$H$2344,MODE(MATCH($H$2:$H$2344,$H$2:$H$2344,0))),H1063)} -> tier - 1 | P1063: =IF(I1063="?", "Unknown", I1063) -> R1013 | Q1063: =DATE(B1063, MONTH(1 & L1063), D1063) -> 26856 | R1063: =DATEDIF(Q1063, DATE(2023,6,8), "Y") -> 49 | T1063: =COUNTA(Table3[[#This Row],[month]:[age]]) -> 7
A1064: Id1276 | B1064: 1977 | C1064: Sep | D1064: 24 | E1064: 2 | F1064: 8603.82 | G1064: tier - 2 | H1064: tier - 1 | I1064: R1019 | J1064: =COUNTIF(A1064:I1064, "?") -> 0 | K1064: =IF(A1064="?", "Unknown", A1064) -> Id1276 | L1064: =IF(C1064="?", "Sep", C1064) -> Sep | M1064: =IF(B1064="?",AVERAGE($B$2:$B$2344),B1064) -> 1977 | N1064: {=IF(G1064="?",INDEX($G$2:$G$2344,MODE(MATCH($G$2:$G$2344,$G$2:$G$2344,0))),G1064)} -> tier - 2 | O1064: {=IF(H1064="?",INDEX($H$2:$H$2344,MODE(MATCH($H$2:$H$2344,$H$2:$H$2344,0))),H1064)} -> tier - 1 | P1064: =IF(I1064="?", "Unknown", I1064) -> R1019 | Q1064: =DATE(B1064, MONTH(1 & L1064), D1064) -> 28392 | R1064: =DATEDIF(Q1064, DATE(2023,6,8), "Y") -> 45 | T1064: =COUNTA(Table3[[#This Row],[month]:[age]]) -> 7
A1065: Id1275 | B1065: 1977 | C1065: Nov | D1065: 12 | E1065: 2 | F1065: 8604.48 | G1065: tier - 3 | H1065: tier - 2 | I1065: R1016 | J1065: =COUNTIF(A1065:I1065, "?") -> 0 | K1065: =IF(A1065="?", "Unknown", A1065) -> Id1275 | L1065: =IF(C1065="?", "Sep", C1065) -> Nov | M1065: =IF(B1065="?",AVERAGE($B$2:$B$2344),B1065) -> 1977 | N1065: {=IF(G1065="?",INDEX($G$2:$G$2344,MODE(MATCH($G$2:$G$2344,$G$2:$G$2344,0))),G1065)} -> tier - 3 | O1065: {=IF(H1065="?",INDEX($H$2:$H$2344,MODE(MATCH($H$2:$H$2344,$H$2:$H$2344,0))),H1065)} -> tier - 2 | P1065: =IF(I1065="?", "Unknown", I1065) -> R1016 | Q1065: =DATE(B1065, MONTH(1 & L1065), D1065) -> 28441 | R1065: =DATEDIF(Q1065, DATE(2023,6,8), "Y") -> 45 | T1065: =COUNTA(Table3[[#This Row],[month]:[age]]) -> 7
A1066: Id1274 | B1066: 1977 | C1066: Oct | D1066: 15 | E1066: 3 | F1066: 8605.36 | G1066: tier - 2 | H1066: tier - 2 | I1066: R1013 | J1066: =COUNTIF(A1066:I1066, "?") -> 0 | K1066: =IF(A1066="?", "Unknown", A1066) -> Id1274 | L1066: =IF(C1066="?", "Sep", C1066) -> Oct | M1066: =IF(B1066="?",AVERAGE($B$2:$B$2344),B1066) -> 1977 | N1066: {=IF(G1066="?",INDEX($G$2:$G$2344,MODE(MATCH($G$2:$G$2344,$G$2:$G$2344,0))),G1066)} -> tier - 2 | O1066: {=IF(H1066="?",INDEX($H$2:$H$2344,MODE(MATCH($H$2:$H$2344,$H$2:$H$2344,0))),H1066)} -> tier - 2 | P1066: =IF(I1066="?", "Unknown", I1066) -> R1013 | Q1066: =DATE(B1066, MONTH(1 & L1066), D1066) -> 28413 | R1066: =DATEDIF(Q1066, DATE(2023,6,8), "Y") -> 45 | T1066: =COUNTA(Table3[[#This Row],[month]:[age]]) -> 7
... A2344: Id1 | B2344: 1968 | C2344: Oct | D2344: 12 | E2344: 0 | F2344: 63770.43 | G2344: tier - 1 | H2344: tier - 3 | I2344: R1013 | J2344: =COUNTIF(A2344:I2344, "?") -> 0 | K2344: =IF(A2344="?", "Unknown", A2344) -> Id1 | L2344: =IF(C2344="?", "Sep", C2344) -> Oct | M2344: =IF(B2344="?",AVERAGE($B$2:$B$2344),B2344) -> 1968 | N2344: {=IF(G2344="?",INDEX($G$2:$G$2344,MODE(MATCH($G$2:$G$2344,$G$2:$G$2344,0))),G2344)} -> tier - 1 | O2344: {=IF(H2344="?",INDEX($H$2:$H$2344,MODE(MATCH($H$2:$H$2344,$H$2:$H$2344,0))),H2344)} -> tier - 3 | P2344: =IF(I2344="?", "Unknown", I2344) -> R1013 | Q2344: =DATE(B2344, MONTH(1 & L2344), D2344) -> 25123 | R2344: =DATEDIF(Q2344, DATE(2023,6,8), "Y") -> 54 | T2344: =COUNTA(Table3[[#This Row],[month]:[age]]) -> 7
F2345: =SUM(F2:F2344) -> 31768896 | K2345: Count | L2345: =SUBTOTAL(103,Table3[month]) -> 2343 | M2345: =SUBTOTAL(103,Table3[year_average]) -> 2343 | N2345: =SUBTOTAL(103,Table3[hsplt_handled]) -> 2343 | O2345: =SUBTOTAL(103,Table3[city_handled]) -> 2343 | P2345: =SUBTOTAL(103,Table3[state_id]) -> 2343 | Q2345: =SUBTOTAL(103,Table3[dd/mm/yy]) -> 2343 | R2345: =SUBTOTAL(103,Table3[age]) -> 2343

Sheet HealthCare
A1: Customer ID | B1: Title | C1: First_Name | D1: Last_Name | E1: BMI | F1: HBA1C | G1: Heart Issues | H1: Any Transplants | I1: Cancer history | J1: Month | K1: Year | L1: Date | M1: DD/MM/YYY | N1: Age | O1: Children | P1: Hospital_tier | Q1: City_tier | R1: state_id | S1: charges | T1: Weight_Status | U1: No.of.surgery | V1: smoker | W1: Diabetes Level | X1: Sum
A2: Id1 | B2: =VLOOKUP(A2,'Customer Names'!$A$2:$E$2336,3,FALSE) -> Ms. | C2: =_xlfn.XLOOKUP(A2,$A$2:$A$2336,'Customer Names'!$D$2:$D$2336,"NOT FOUND") -> Kelly | D2: =_xlfn.XLOOKUP(A2,$A$2:$A$2336,'Customer Names'!$E$2:$E$2336,"NOT FOUND") -> Hawks | E2: {=_xlfn.XLOOKUP(A2,$A$2:$A$2336,Table2[BMI],"NOT FOUND")} -> 47.41 | F2: {=_xlfn.XLOOKUP(A2,$A$2:$A$2336,Table2[HBA1C],"NOT FOUND")} -> 7.47 | G2: {=_xlfn.XLOOKUP(A2,$A$2:$A$2336,Table2[Heart Issues],"NOT FOUND")} -> No | H2: {=_xlfn.XLOOKUP(A2,$A$2:$A$2336,Table2[Any Transplants],"NOT FOUND")} -> No | I2: {=_xlfn.XLOOKUP(A2,$A$2:$A$2336,Table2[Cancer history],"NOT FOUND")} -> No | J2: =_xlfn.XLOOKUP(A2,Table3[customer_no],Table3[month],"NOT FOUND") -> Oct | K2: =_xlfn.XLOOKUP(A2,Table3[customer_no],Table3[year_average],"NOT FOUND") -> 1968 | L2: {=_xlfn.XLOOKUP(A2,Table3[customer_no],'Hospitalisation Details'!$D$2:$D$2344,"NOT FOUND")} -> 12 | M2: =_xlfn.XLOOKUP(A2,Table3[customer_no],Table3[dd/mm/yy],"NOT FOUND") -> 25123 | N2: =_xlfn.XLOOKUP(A2,Table3[customer_no],Table3[age],"NOT FOUND") -> 54 | O2: {=_xlfn.XLOOKUP(A2,Table3[customer_no],'Hospitalisation Details'!$E$2:$E$2344,"NOT FOUND")} -> 0 | P2: =_xlfn.XLOOKUP(A2,Table3[customer_no],Table3[hsplt_handled],"NOT FOUND") -> tier - 1 | Q2: =_xlfn.XLOOKUP(A2,Table3[customer_no],Table3[city_handled],"NOT FOUND") -> tier - 3 | R2: =_xlfn.XLOOKUP(A2,Table3[customer_no],Table3[state_id],"NOT FOUND") -> R1013 | S2: {=_xlfn.XLOOKUP(A2,Table3[customer_no],'Hospitalisation Details'!$F$2:$F$2344,"NOT FOUND")} -> 63770.43 | T2: =_xlfn.XLOOKUP(A2,Table2[Customer ID],Table2[BMI_category],"NOT FOUND") -> Obesity | U2: =_xlfn.XLOOKUP(A2,Table2[Customer ID],Table2[no of surgery],"NOT FOUND") -> 0 | V2: =_xlfn.XLOOKUP(A2,Table2[Customer ID],Table2[smoker_missing],"NOT FOUND") -> yes | W2: =IF(F2<5.7, "Normal", IF(AND(F2>=5.7, F2<=6.4), "Prediabetes", "Diabetes")) -> Diabetes | X2: =SUM(Table5[[#This Row],[Title]:[Diabetes Level]]) -> 90982.31
A3: Id2 | B3: =VLOOKUP(A3,'Customer Names'!$A$2:$E$2336,3,FALSE) -> Mr. | C3: =_xlfn.XLOOKUP(A3,$A$2:$A$2336,'Customer Names'!$D$2:$D$2336,"NOT FOUND") -> Matthew D | D3: =_xlfn.XLOOKUP(A3,$A$2:$A$2336,'Customer Names'!$E$2:$E$2336,"NOT FOUND") -> Lehner | E3: {=_xlfn.XLOOKUP(A3,$A$2:$A$2336,Table2[BMI],"NOT FOUND")} -> 30.36 | F3: {=_xlfn.XLOOKUP(A3,$A$2:$A$2336,Table2[HBA1C],"NOT FOUND")} -> 5.77 | G3: {=_xlfn.XLOOKUP(A3,$A$2:$A$2336,Table2[Heart Issues],"NOT FOUND")} -> No | H3: {=_xlfn.XLOOKUP(A3,$A$2:$A$2336,Table2[Any Transplants],"NOT FOUND")} -> No | I3: {=_xlfn.XLOOKUP(A3,$A$2:$A$2336,Table2[Cancer history],"NOT FOUND")} -> No | J3: =_xlfn.XLOOKUP(A3,Table3[customer_no],Table3[month],"NOT FOUND") -> Jun | K3: =_xlfn.XLOOKUP(A3,Table3[customer_no],Table3[year_average],"NOT FOUND") -> 1977 | L3: {=_xlfn.XLOOKUP(A3,Table3[customer_no],'Hospitalisation Details'!$D$2:$D$2344,"NOT FOUND")} -> 8 | M3: =_xlfn.XLOOKUP(A3,Table3[customer_no],Table3[dd/mm/yy],"NOT FOUND") -> 28284 | N3: =_xlfn.XLOOKUP(A3,Table3[customer_no],Table3[age],"NOT FOUND") -> 46 | O3: {=_xlfn.XLOOKUP(A3,Table3[customer_no],'Hospitalisation Details'!$E$2:$E$2344,"NOT FOUND")} -> 0 | P3: =_xlfn.XLOOKUP(A3,Table3[customer_no],Table3[hsplt_handled],"NOT FOUND") -> tier - 2 | Q3: =_xlfn.XLOOKUP(A3,Table3[customer_no],Table3[city_handled],"NOT FOUND") -> tier - 3 | R3: =_xlfn.XLOOKUP(A3,Table3[customer_no],Table3[state_id],"NOT FOUND") -> R1013 | S3: {=_xlfn.XLOOKUP(A3,Table3[customer_no],'Hospitalisation Details'!$F$2:$F$2344,"NOT FOUND")} -> 62592.87 | T3: =_xlfn.XLOOKUP(A3,Table2[Customer ID],Table2[BMI_category],"NOT FOUND") -> Obesity | U3: =_xlfn.XLOOKUP(A3,Table2[Customer ID],Table2[no of surgery],"NOT FOUND") -> 0 | V3: =_xlfn.XLOOKUP(A3,Table2[Customer ID],Table2[smoker_missing],"NOT FOUND") -> yes | W3: =IF(F3<5.7, "Normal", IF(AND(F3>=5.7, F3<=6.4), "Prediabetes", "Diabetes")) -> Prediabetes | X3: =SUM(Table5[[#This Row],[Title]:[Diabetes Level]]) -> 92944
A4: Id3 | B4: =VLOOKUP(A4,'Customer Names'!$A$2:$E$2336,3,FALSE) -> Mr. | C4: =_xlfn.XLOOKUP(A4,$A$2:$A$2336,'Customer Names'!$D$2:$D$2336,"NOT FOUND") -> Phil | D4: =_xlfn.XLOOKUP(A4,$A$2:$A$2336,'Customer Names'!$E$2:$E$2336,"NOT FOUND") -> Lu | E4: {=_xlfn.XLOOKUP(A4,$A$2:$A$2336,Table2[BMI],"NOT FOUND")} -> 34.485 | F4: {=_xlfn.XLOOKUP(A4,$A$2:$A$2336,Table2[HBA1C],"NOT FOUND")} -> 11.87 | G4: {=_xlfn.XLOOKUP(A4,$A$2:$A$2336,Table2[Heart Issues],"NOT FOUND")} -> yes | H4: {=_xlfn.XLOOKUP(A4,$A$2:$A$2336,Table2[Any Transplants],"NOT FOUND")} -> No | I4: {=_xlfn.XLOOKUP(A4,$A$2:$A$2336,Table2[Cancer history],"NOT FOUND")} -> No | J4: =_xlfn.XLOOKUP(A4,Table3[customer_no],Table3[month],"NOT FOUND") -> Sep | K4: =_xlfn.XLOOKUP(A4,Table3[customer_no],Table3[year_average],"NOT FOUND") -> 1970 | L4: {=_xlfn.XLOOKUP(A4,Table3[customer_no],'Hospitalisation Details'!$D$2:$D$2344,"NOT FOUND")} -> 11 | M4: =_xlfn.XLOOKUP(A4,Table3[customer_no],Table3[dd/mm/yy],"NOT FOUND") -> 25822 | N4: =_xlfn.XLOOKUP(A4,Table3[customer_no],Table3[age],"NOT FOUND") -> 52 | O4: {=_xlfn.XLOOKUP(A4,Table3[customer_no],'Hospitalisation Details'!$E$2:$E$2344,"NOT FOUND")} -> 3 | P4: =_xlfn.XLOOKUP(A4,Table3[customer_no],Table3[hsplt_handled],"NOT FOUND") -> tier - 1 | Q4: =_xlfn.XLOOKUP(A4,Table3[customer_no],Table3[city_handled],"NOT FOUND") -> tier - 1 | R4: =_xlfn.XLOOKUP(A4,Table3[customer_no],Table3[state_id],"NOT FOUND") -> R1012 | S4: {=_xlfn.XLOOKUP(A4,Table3[customer_no],'Hospitalisation Details'!$F$2:$F$2344,"NOT FOUND")} -> 60021.4 | T4: =_xlfn.XLOOKUP(A4,Table2[Customer ID],Table2[BMI_category],"NOT FOUND") -> Obesity | U4: =_xlfn.XLOOKUP(A4,Table2[Customer ID],Table2[no of surgery],"NOT FOUND") -> 2 | V4: =_xlfn.XLOOKUP(A4,Table2[Customer ID],Table2[smoker_missing],"NOT FOUND") -> yes | W4: =IF(F4<5.7, "Normal", IF(AND(F4>=5.7, F4<=6.4), "Prediabetes", "Diabetes")) -> Diabetes | X4: =SUM(Table5[[#This Row],[Title]:[Diabetes Level]]) -> 87927.755
A5: Id4 | B5: =VLOOKUP(A5,'Customer Names'!$A$2:$E$2336,3,FALSE) -> Ms. | C5: =_xlfn.XLOOKUP(A5,$A$2:$A$2336,'Customer Names'!$D$2:$D$2336,"NOT FOUND") -> Kelsey | D5: =_xlfn.XLOOKUP(A5,$A$2:$A$2336,'Customer Names'!$E$2:$E$2336,"NOT FOUND") -> Osborne | E5: {=_xlfn.XLOOKUP(A5,$A$2:$A$2336,Table2[BMI],"NOT FOUND")} -> 38.095 | F5: {=_xlfn.XLOOKUP(A5,$A$2:$A$2336,Table2[HBA1C],"NOT FOUND")} -> 6.05 | G5: {=_xlfn.XLOOKUP(A5,$A$2:$A$2336,Table2[Heart Issues],"NOT FOUND")} -> No | H5: {=_xlfn.XLOOKUP(A5,$A$2:$A$2336,Table2[Any Transplants],"NOT FOUND")} -> No | I5: {=_xlfn.XLOOKUP(A5,$A$2:$A$2336,Table2[Cancer history],"NOT FOUND")} -> No | J5: =_xlfn.XLOOKUP(A5,Table3[customer_no],Table3[month],"NOT FOUND") -> Jun | K5: =_xlfn.XLOOKUP(A5,Table3[customer_no],Table3[year_average],"NOT FOUND") -> 1991 | L5: {=_xlfn.XLOOKUP(A5,Table3[customer_no],'Hospitalisation Details'!$D$2:$D$2344,"NOT FOUND")} -> 6 | M5: =_xlfn.XLOOKUP(A5,Table3[customer_no],Table3[dd/mm/yy],"NOT FOUND") -> 33395 | N5: =_xlfn.XLOOKUP(A5,Table3[customer_no],Table3[age],"NOT FOUND") -> 32 | O5: {=_xlfn.XLOOKUP(A5,Table3[customer_no],'Hospitalisation Details'!$E$2:$E$2344,"NOT FOUND")} -> 1 | P5: =_xlfn.XLOOKUP(A5,Table3[customer_no],Table3[hsplt_handled],"NOT FOUND") -> tier - 1 | Q5: =_xlfn.XLOOKUP(A5,Table3[customer_no],Table3[city_handled],"NOT FOUND") -> tier - 3 | R5: =_xlfn.XLOOKUP(A5,Table3[customer_no],Table3[state_id],"NOT FOUND") -> R1024 | S5: {=_xlfn.XLOOKUP(A5,Table3[customer_no],'Hospitalisation Details'!$F$2:$F$2344,"NOT FOUND")} -> 58571.07 | T5: =_xlfn.XLOOKUP(A5,Table2[Customer ID],Table2[BMI_category],"NOT FOUND") -> Obesity | U5: =_xlfn.XLOOKUP(A5,Table2[Customer ID],Table2[no of surgery],"NOT FOUND") -> 0 | V5: =_xlfn.XLOOKUP(A5,Table2[Customer ID],Table2[smoker_missing],"NOT FOUND") -> yes | W5: =IF(F5<5.7, "Normal", IF(AND(F5>=5.7, F5<=6.4), "Prediabetes", "Diabetes")) -> Prediabetes | X5: =SUM(Table5[[#This Row],[Title]:[Diabetes Level]]) -> 94040.215
A6: Id5 | B6: =VLOOKUP(A6,'Customer Names'!$A$2:$E$2336,3,FALSE) -> Ms. | C6: =_xlfn.XLOOKUP(A6,$A$2:$A$2336,'Customer Names'!$D$2:$D$2336,"NOT FOUND") -> Kristyn | D6: =_xlfn.XLOOKUP(A6,$A$2:$A$2336,'Customer Names'!$E$2:$E$2336,"NOT FOUND") -> Kadala | E6: {=_xlfn.XLOOKUP(A6,$A$2:$A$2336,Table2[BMI],"NOT FOUND")} -> 35.53 | F6: {=_xlfn.XLOOKUP(A6,$A$2:$A$2336,Table2[HBA1C],"NOT FOUND")} -> 5.45 | G6: {=_xlfn.XLOOKUP(A6,$A$2:$A$2336,Table2[Heart Issues],"NOT FOUND")} -> No | H6: {=_xlfn.XLOOKUP(A6,$A$2:$A$2336,Table2[Any Transplants],"NOT FOUND")} -> No | I6: {=_xlfn.XLOOKUP(A6,$A$2:$A$2336,Table2[Cancer history],"NOT FOUND")} -> No | J6: =_xlfn.XLOOKUP(A6,Table3[customer_no],Table3[month],"NOT FOUND") -> Jun | K6: =_xlfn.XLOOKUP(A6,Table3[customer_no],Table3[year_average],"NOT FOUND") -> 1989 | L6: {=_xlfn.XLOOKUP(A6,Table3[customer_no],'Hospitalisation Details'!$D$2:$D$2344,"NOT FOUND")} -> 19 | M6: =_xlfn.XLOOKUP(A6,Table3[customer_no],Table3[dd/mm/yy],"NOT FOUND") -> 32678 | N6: =_xlfn.XLOOKUP(A6,Table3[customer_no],Table3[age],"NOT FOUND") -> 33 | O6: {=_xlfn.XLOOKUP(A6,Table3[customer_no],'Hospitalisation Details'!$E$2:$E$2344,"NOT FOUND")} -> 0 | P6: =_xlfn.XLOOKUP(A6,Table3[customer_no],Table3[hsplt_handled],"NOT FOUND") -> tier - 1 | Q6: =_xlfn.XLOOKUP(A6,Table3[customer_no],Table3[city_handled],"NOT FOUND") -> tier - 2 | R6: =_xlfn.XLOOKUP(A6,Table3[customer_no],Table3[state_id],"NOT FOUND") -> R1012 | S6: {=_xlfn.XLOOKUP(A6,Table3[customer_no],'Hospitalisation Details'!$F$2:$F$2344,"NOT FOUND")} -> 55135.4 | T6: =_xlfn.XLOOKUP(A6,Table2[Customer ID],Table2[BMI_category],"NOT FOUND") -> Obesity | U6: =_xlfn.XLOOKUP(A6,Table2[Customer ID],Table2[no of surgery],"NOT FOUND") -> 0 | V6: =_xlfn.XLOOKUP(A6,Table2[Customer ID],Table2[smoker_missing],"NOT FOUND") -> yes | W6: =IF(F6<5.7, "Normal", IF(AND(F6>=5.7, F6<=6.4), "Prediabetes", "Diabetes")) -> Normal | X6: =SUM(Table5[[#This Row],[Title]:[Diabetes Level]]) -> 89895.38
A7: Id6 | B7: =VLOOKUP(A7,'Customer Names'!$A$2:$E$2336,3,FALSE) -> Mr. | C7: =_xlfn.XLOOKUP(A7,$A$2:$A$2336,'Customer Names'!$D$2:$D$2336,"NOT FOUND") -> Russell B. | D7: =_xlfn.XLOOKUP(A7,$A$2:$A$2336,'Customer Names'!$E$2:$E$2336,"NOT FOUND") -> Baker | E7: {=_xlfn.XLOOKUP(A7,$A$2:$A$2336,Table2[BMI],"NOT FOUND")} -> 32.8 | F7: {=_xlfn.XLOOKUP(A7,$A$2:$A$2336,Table2[HBA1C],"NOT FOUND")} -> 6.59 | G7: {=_xlfn.XLOOKUP(A7,$A$2:$A$2336,Table2[Heart Issues],"NOT FOUND")} -> No | H7: {=_xlfn.XLOOKUP(A7,$A$2:$A$2336,Table2[Any Transplants],"NOT FOUND")} -> No | I7: {=_xlfn.XLOOKUP(A7,$A$2:$A$2336,Table2[Cancer history],"NOT FOUND")} -> No | J7: =_xlfn.XLOOKUP(A7,Table3[customer_no],Table3[month],"NOT FOUND") -> Aug | K7: =_xlfn.XLOOKUP(A7,Table3[customer_no],Table3[year_average],"NOT FOUND") -> 1962 | L7: {=_xlfn.XLOOKUP(A7,Table3[customer_no],'Hospitalisation Details'!$D$2:$D$2344,"NOT FOUND")} -> 4 | M7: =_xlfn.XLOOKUP(A7,Table3[customer_no],Table3[dd/mm/yy],"NOT FOUND") -> 22862 | N7: =_xlfn.XLOOKUP(A7,Table3[customer_no],Table3[age],"NOT FOUND") -> 60 | O7: {=_xlfn.XLOOKUP(A7,Table3[customer_no],'Hospitalisation Details'!$E$2:$E$2344,"NOT FOUND")} -> 0 | P7: =_xlfn.XLOOKUP(A7,Table3[customer_no],Table3[hsplt_handled],"NOT FOUND") -> tier - 1 | Q7: =_xlfn.XLOOKUP(A7,Table3[customer_no],Table3[city_handled],"NOT FOUND") -> tier - 3 | R7: =_xlfn.XLOOKUP(A7,Table3[customer_no],Table3[state_id],"NOT FOUND") -> R1011 | S7: {=_xlfn.XLOOKUP(A7,Table3[customer_no],'Hospitalisation Details'!$F$2:$F$2344,"NOT FOUND")} -> 52590.83 | T7: =_xlfn.XLOOKUP(A7,Table2[Customer ID],Table2[BMI_category],"NOT FOUND") -> Obesity | U7: =_xlfn.XLOOKUP(A7,Table2[Customer ID],Table2[no of surgery],"NOT FOUND") -> 0 | V7: =_xlfn.XLOOKUP(A7,Table2[Customer ID],Table2[smoker_missing],"NOT FOUND") -> yes | W7: =IF(F7<5.7, "Normal", IF(AND(F7>=5.7, F7<=6.4), "Prediabetes", "Diabetes")) -> Diabetes | X7: =SUM(Table5[[#This Row],[Title]:[Diabetes Level]]) -> 77518.22
A8: Id7 | B8: =VLOOKUP(A8,'Customer Names'!$A$2:$E$2336,3,FALSE) -> Mr. | C8: =_xlfn.XLOOKUP(A8,$A$2:$A$2336,'Customer Names'!$D$2:$D$2336,"NOT FOUND") -> Scott | D8: =_xlfn.XLOOKUP(A8,$A$2:$A$2336,'Customer Names'!$E$2:$E$2336,"NOT FOUND") -> Macpherson | E8: {=_xlfn.XLOOKUP(A8,$A$2:$A$2336,Table2[BMI],"NOT FOUND")} -> 36.4 | F8: {=_xlfn.XLOOKUP(A8,$A$2:$A$2336,Table2[HBA1C],"NOT FOUND")} -> 6.07 | G8: {=_xlfn.XLOOKUP(A8,$A$2:$A$2336,Table2[Heart Issues],"NOT FOUND")} -> No | H8: {=_xlfn.XLOOKUP(A8,$A$2:$A$2336,Table2[Any Transplants],"NOT FOUND")} -> No | I8: {=_xlfn.XLOOKUP(A8,$A$2:$A$2336,Table2[Cancer history],"NOT FOUND")} -> No | J8: =_xlfn.XLOOKUP(A8,Table3[customer_no],Table3[month],"NOT FOUND") -> Oct | K8: =_xlfn.XLOOKUP(A8,Table3[customer_no],Table3[year_average],"NOT FOUND") -> 1994 | L8: {=_xlfn.XLOOKUP(A8,Table3[customer_no],'Hospitalisation Details'!$D$2:$D$2344,"NOT FOUND")} -> 27 | M8: =_xlfn.XLOOKUP(A8,Table3[customer_no],Table3[dd/mm/yy],"NOT FOUND") -> 34634 | N8: =_xlfn.XLOOKUP(A8,Table3[customer_no],Table3[age],"NOT FOUND") -> 28 | O8: {=_xlfn.XLOOKUP(A8,Table3[customer_no],'Hospitalisation Details'!$E$2:$E$2344,"NOT FOUND")} -> 1 | P8: =_xlfn.XLOOKUP(A8,Table3[customer_no],Table3[hsplt_handled],"NOT FOUND") -> tier - 1 | Q8: =_xlfn.XLOOKUP(A8,Table3[customer_no],Table3[city_handled],"NOT FOUND") -> tier - 3 | R8: =_xlfn.XLOOKUP(A8,Table3[customer_no],Table3[state_id],"NOT FOUND") -> R1011 | S8: {=_xlfn.XLOOKUP(A8,Table3[customer_no],'Hospitalisation Details'!$F$2:$F$2344,"NOT FOUND")} -> 51194.56 | T8: =_xlfn.XLOOKUP(A8,Table2[Customer ID],Table2[BMI_category],"NOT FOUND") -> Obesity | U8: =_xlfn.XLOOKUP(A8,Table2[Customer ID],Table2[no of surgery],"NOT FOUND") -> 0 | V8: =_xlfn.XLOOKUP(A8,Table2[Customer ID],Table2[smoker_missing],"NOT FOUND") -> yes | W8: =IF(F8<5.7, "Normal", IF(AND(F8>=5.7, F8<=6.4), "Prediabetes", "Diabetes")) -> Prediabetes | X8: =SUM(Table5[[#This Row],[Title]:[Diabetes Level]]) -> 87921.03
A9: Id8 | B9: =VLOOKUP(A9,'Customer Names'!$A$2:$E$2336,3,FALSE) -> Mr. | C9: =_xlfn.XLOOKUP(A9,$A$2:$A$2336,'Customer Names'!$D$2:$D$2336,"NOT FOUND") -> Stephen | D9: =_xlfn.XLOOKUP(A9,$A$2:$A$2336,'Customer Names'!$E$2:$E$2336,"NOT FOUND") -> Hallman | E9: {=_xlfn.XLOOKUP(A9,$A$2:$A$2336,Table2[BMI],"NOT FOUND")} -> 36.96 | F9: {=_xlfn.XLOOKUP(A9,$A$2:$A$2336,Table2[HBA1C],"NOT FOUND")} -> 7.93 | G9: {=_xlfn.XLOOKUP(A9,$A$2:$A$2336,Table2[Heart Issues],"NOT FOUND")} -> No | H9: {=_xlfn.XLOOKUP(A9,$A$2:$A$2336,Table2[Any Transplants],"NOT FOUND")} -> No | I9: {=_xlfn.XLOOKUP(A9,$A$2:$A$2336,Table2[Cancer history],"NOT FOUND")} -> No | J9: =_xlfn.XLOOKUP(A9,Table3[customer_no],Table3[month],"NOT FOUND") -> Jun | K9: =_xlfn.XLOOKUP(A9,Table3[customer_no],Table3[year_average],"NOT FOUND") -> 1958 | L9: {=_xlfn.XLOOKUP(A9,Table3[customer_no],'Hospitalisation Details'!$D$2:$D$2344,"NOT FOUND")} -> 27 | M9: =_xlfn.XLOOKUP(A9,Table3[customer_no],Table3[dd/mm/yy],"NOT FOUND") -> 21363 | N9: =_xlfn.XLOOKUP(A9,Table3[customer_no],Table3[age],"NOT FOUND") -> 64 | O9: {=_xlfn.XLOOKUP(A9,Table3[customer_no],'Hospitalisation Details'!$E$2:$E$2344,"NOT FOUND")} -> 2 | P9: =_xlfn.XLOOKUP(A9,Table3[customer_no],Table3[hsplt_handled],"NOT FOUND") -> tier - 2 | Q9: =_xlfn.XLOOKUP(A9,Table3[customer_no],Table3[city_handled],"NOT FOUND") -> tier - 2 | R9: =_xlfn.XLOOKUP(A9,Table3[customer_no],Table3[state_id],"NOT FOUND") -> R1013 | S9: {=_xlfn.XLOOKUP(A9,Table3[customer_no],'Hospitalisation Details'!$F$2:$F$2344,"NOT FOUND")} -> 49577.66 | T9: =_xlfn.XLOOKUP(A9,Table2[Customer ID],Table2[BMI_category],"NOT FOUND") -> Obesity | U9: =_xlfn.XLOOKUP(A9,Table2[Customer ID],Table2[no of surgery],"NOT FOUND") -> 3 | V9: =_xlfn.XLOOKUP(A9,Table2[Customer ID],Table2[smoker_missing],"NOT FOUND") -> yes | W9: =IF(F9<5.7, "Normal", IF(AND(F9>=5.7, F9<=6.4), "Prediabetes", "Diabetes")) -> Diabetes | X9: =SUM(Table5[[#This Row],[Title]:[Diabetes Level]]) -> 73039.55
A10: Id9 | B10: =VLOOKUP(A10,'Customer Names'!$A$2:$E$2336,3,FALSE) -> Mr. | C10: =_xlfn.XLOOKUP(A10,$A$2:$A$2336,'Customer Names'!$D$2:$D$2336,"NOT FOUND") -> Patrick R. | D10: =_xlfn.XLOOKUP(A10,$A$2:$A$2336,'Customer Names'!$E$2:$E$2336,"NOT FOUND") -> Moran | E10: {=_xlfn.XLOOKUP(A10,$A$2:$A$2336,Table2[BMI],"NOT FOUND")} -> 41.14 | F10: {=_xlfn.XLOOKUP(A10,$A$2:$A$2336,Table2[HBA1C],"NOT FOUND")} -> 9.58 | G10: {=_xlfn.XLOOKUP(A10,$A$2:$A$2336,Table2[Heart Issues],"NOT FOUND")} -> yes | H10: {=_xlfn.XLOOKUP(A10,$A$2:$A$2336,Table2[Any Transplants],"NOT FOUND")} -> No | I10: {=_xlfn.XLOOKUP(A10,$A$2:$A$2336,Table2[Cancer history],"NOT FOUND")} -> Yes | J10: =_xlfn.XLOOKUP(A10,Table3[customer_no],Table3[month],"NOT FOUND") -> Sep | K10: =_xlfn.XLOOKUP(A10,Table3[customer_no],Table3[year_average],"NOT FOUND") -> 1963 | L10: {=_xlfn.XLOOKUP(A10,Table3[customer_no],'Hospitalisation Details'!$D$2:$D$2344,"NOT FOUND")} -> 4 | M10: =_xlfn.XLOOKUP(A10,Table3[customer_no],Table3[dd/mm/yy],"NOT FOUND") -> 23258 | N10: =_xlfn.XLOOKUP(A10,Table3[customer_no],Table3[age],"NOT FOUND") -> 59 | O10: {=_xlfn.XLOOKUP(A10,Table3[customer_no],'Hospitalisation Details'!$E$2:$E$2344,"NOT FOUND")} -> 1 | P10: =_xlfn.XLOOKUP(A10,Table3[customer_no],Table3[hsplt_handled],"NOT FOUND") -> tier - 1 | Q10: =_xlfn.XLOOKUP(A10,Table3[customer_no],Table3[city_handled],"NOT FOUND") -> tier - 2 | R10: =_xlfn.XLOOKUP(A10,Table3[customer_no],Table3[state_id],"NOT FOUND") -> R1013 | S10: {=_xlfn.XLOOKUP(A10,Table3[customer_no],'Hospitalisation Details'!$F$2:$F$2344,"NOT FOUND")} -> 48970.25 | T10: =_xlfn.XLOOKUP(A10,Table2[Customer ID],Table2[BMI_category],"NOT FOUND") -> Obesity | U10: =_xlfn.XLOOKUP(A10,Table2[Customer ID],Table2[no of surgery],"NOT FOUND") -> 1 | V10: =_xlfn.XLOOKUP(A10,Table2[Customer ID],Table2[smoker_missing],"NOT FOUND") -> yes | W10: =IF(F10<5.7, "Normal", IF(AND(F10>=5.7, F10<=6.4), "Prediabetes", "Diabetes")) -> Diabetes | X10: =SUM(Table5[[#This Row],[Title]:[Diabetes Level]]) -> 74306.97
A11: Id10 | B11: =VLOOKUP(A11,'Customer Names'!$A$2:$E$2336,3,FALSE) -> Ms. | C11: =_xlfn.XLOOKUP(A11,$A$2:$A$2336,'Customer Names'!$D$2:$D$2336,"NOT FOUND") -> Brooke N. | D11: =_xlfn.XLOOKUP(A11,$A$2:$A$2336,'Customer Names'!$E$2:$E$2336,"NOT FOUND") -> Benner | E11: {=_xlfn.XLOOKUP(A11,$A$2:$A$2336,Table2[BMI],"NOT FOUND")} -> 38.06 | F11: {=_xlfn.XLOOKUP(A11,$A$2:$A$2336,Table2[HBA1C],"NOT FOUND")} -> 10.79 | G11: {=_xlfn.XLOOKUP(A11,$A$2:$A$2336,Table2[Heart Issues],"NOT FOUND")} -> No | H11: {=_xlfn.XLOOKUP(A11,$A$2:$A$2336,Table2[Any Transplants],"NOT FOUND")} -> No | I11: {=_xlfn.XLOOKUP(A11,$A$2:$A$2336,Table2[Cancer history],"NOT FOUND")} -> No | J11: =_xlfn.XLOOKUP(A11,Table3[customer_no],Table3[month],"NOT FOUND") -> Dec | K11: =_xlfn.XLOOKUP(A11,Table3[customer_no],Table3[year_average],"NOT FOUND") -> 1978 | L11: {=_xlfn.XLOOKUP(A11,Table3[customer_no],'Hospitalisation Details'!$D$2:$D$2344,"NOT FOUND")} -> 29 | M11: =_xlfn.XLOOKUP(A11,Table3[customer_no],Table3[dd/mm/yy],"NOT FOUND") -> 28853 | N11: =_xlfn.XLOOKUP(A11,Table3[customer_no],Table3[age],"NOT FOUND") -> 44 | O11: {=_xlfn.XLOOKUP(A11,Table3[customer_no],'Hospitalisation Details'!$E$2:$E$2344,"NOT FOUND")} -> 0 | P11: =_xlfn.XLOOKUP(A11,Table3[customer_no],Table3[hsplt_handled],"NOT FOUND") -> tier - 1 | Q11: =_xlfn.XLOOKUP(A11,Table3[customer_no],Table3[city_handled],"NOT FOUND") -> tier - 2 | R11: =_xlfn.XLOOKUP(A11,Table3[customer_no],Table3[state_id],"NOT FOUND") -> R1013 | S11: {=_xlfn.XLOOKUP(A11,Table3[customer_no],'Hospitalisation Details'!$F$2:$F$2344,"NOT FOUND")} -> 48885.14 | T11: =_xlfn.XLOOKUP(A11,Table2[Customer ID],Table2[BMI_category],"NOT FOUND") -> Obesity | U11: =_xlfn.XLOOKUP(A11,Table2[Customer ID],Table2[no of surgery],"NOT FOUND") -> 0 | V11: =_xlfn.XLOOKUP(A11,Table2[Customer ID],Table2[smoker_missing],"NOT FOUND") -> yes | W11: =IF(F11<5.7, "Normal", IF(AND(F11>=5.7, F11<=6.4), "Prediabetes", "Diabetes")) -> Diabetes | X11: =SUM(Table5[[#This Row],[Title]:[Diabetes Level]]) -> 79837.99
A12: Id11 | B12: =VLOOKUP(A12,'Customer Names'!$A$2:$E$2336,3,FALSE) -> Ms. | C12: =_xlfn.XLOOKUP(A12,$A$2:$A$2336,'Customer Names'!$D$2:$D$2336,"NOT FOUND") -> Paola Andrea | D12: =_xlfn.XLOOKUP(A12,$A$2:$A$2336,'Customer Names'!$E$2:$E$2336,"NOT FOUND") -> Fierro Vargas | E12: {=_xlfn.XLOOKUP(A12,$A$2:$A$2336,Table2[BMI],"NOT FOUND")} -> 37.7 | F12: {=_xlfn.XLOOKUP(A12,$A$2:$A$2336,Table2[HBA1C],"NOT FOUND")} -> 5.96 | G12: {=_xlfn.XLOOKUP(A12,$A$2:$A$2336,Table2[Heart Issues],"NOT FOUND")} -> yes | H12: {=_xlfn.XLOOKUP(A12,$A$2:$A$2336,Table2[Any Transplants],"NOT FOUND")} -> No | I12: {=_xlfn.XLOOKUP(A12,$A$2:$A$2336,Table2[Cancer history],"NOT FOUND")} -> No | J12: =_xlfn.XLOOKUP(A12,Table3[customer_no],Table3[month],"NOT FOUND") -> Jul | K12: =_xlfn.XLOOKUP(A12,Table3[customer_no],Table3[year_average],"NOT FOUND") -> 1959 | L12: {=_xlfn.XLOOKUP(A12,Table3[customer_no],'Hospitalisation Details'!$D$2:$D$2344,"NOT FOUND")} -> 22 | M12: =_xlfn.XLOOKUP(A12,Table3[customer_no],Table3[dd/mm/yy],"NOT FOUND") -> 21753 | N12: =_xlfn.XLOOKUP(A12,Table3[customer_no],Table3[age],"NOT FOUND") -> 63 | O12: {=_xlfn.XLOOKUP(A12,Table3[customer_no],'Hospitalisation Details'!$E$2:$E$2344,"NOT FOUND")} -> 0 | P12: =_xlfn.XLOOKUP(A12,Table3[customer_no],Table3[hsplt_handled],"NOT FOUND") -> tier - 2 | Q12: =_xlfn.XLOOKUP(A12,Table3[customer_no],Table3[city_handled],"NOT FOUND") -> tier - 1 | R12: =_xlfn.XLOOKUP(A12,Table3[customer_no],Table3[state_id],"NOT FOUND") -> R1011 | S12: {=_xlfn.XLOOKUP(A12,Table3[customer_no],'Hospitalisation Details'!$F$2:$F$2344,"NOT FOUND")} -> 48824.45 | T12: =_xlfn.XLOOKUP(A12,Table2[Customer ID],Table2[BMI_category],"NOT FOUND") -> Obesity | U12: =_xlfn.XLOOKUP(A12,Table2[Customer ID],Table2[no of surgery],"NOT FOUND") -> 2 | V12: =_xlfn.XLOOKUP(A12,Table2[Customer ID],Table2[smoker_missing],"NOT FOUND") -> yes | W12: =IF(F12<5.7, "Normal", IF(AND(F12>=5.7, F12<=6.4), "Prediabetes", "Diabetes")) -> Prediabetes | X12: =SUM(Table5[[#This Row],[Title]:[Diabetes Level]]) -> 72667.11
A13: Id12 | B13: =VLOOKUP(A13,'Customer Names'!$A$2:$E$2336,3,FALSE) -> Mr. | C13: =_xlfn.XLOOKUP(A13,$A$2:$A$2336,'Customer Names'!$D$2:$D$2336,"NOT FOUND") -> David | D13: =_xlfn.XLOOKUP(A13,$A$2:$A$2336,'Customer Names'!$E$2:$E$2336,"NOT FOUND") -> Franz | E13: {=_xlfn.XLOOKUP(A13,$A$2:$A$2336,Table2[BMI],"NOT FOUND")} -> 42.13 | F13: {=_xlfn.XLOOKUP(A13,$A$2:$A$2336,Table2[HBA1C],"NOT FOUND")} -> 11.9 | G13: {=_xlfn.XLOOKUP(A13,$A$2:$A$2336,Table2[Heart Issues],"NOT FOUND")} -> No | H13: {=_xlfn.XLOOKUP(A13,$A$2:$A$2336,Table2[Any Transplants],"NOT FOUND")} -> No | I13: {=_xlfn.XLOOKUP(A13,$A$2:$A$2336,Table2[Cancer history],"NOT FOUND")} -> No | J13: =_xlfn.XLOOKUP(A13,Table3[customer_no],Table3[month],"NOT FOUND") -> Oct | K13: =_xlfn.XLOOKUP(A13,Table3[customer_no],Table3[year_average],"NOT FOUND") -> 1965 | L13: {=_xlfn.XLOOKUP(A13,Table3[customer_no],'Hospitalisation Details'!$D$2:$D$2344,"NOT FOUND")} -> 27 | M13: =_xlfn.XLOOKUP(A13,Table3[customer_no],Table3[dd/mm/yy],"NOT FOUND") -> 24042 | N13: =_xlfn.XLOOKUP(A13,Table3[customer_no],Table3[age],"NOT FOUND") -> 57 | O13: {=_xlfn.XLOOKUP(A13,Table3[customer_no],'Hospitalisation Details'!$E$2:$E$2344,"NOT FOUND")} -> 1 | P13: =_xlfn.XLOOKUP(A13,Table3[customer_no],Table3[hsplt_handled],"NOT FOUND") -> tier - 1 | Q13: =_xlfn.XLOOKUP(A13,Table3[customer_no],Table3[city_handled],"NOT FOUND") -> tier - 2 | R13: =_xlfn.XLOOKUP(A13,Table3[customer_no],Table3[state_id],"NOT FOUND") -> R1013 | S13: {=_xlfn.XLOOKUP(A13,Table3[customer_no],'Hospitalisation Details'!$F$2:$F$2344,"NOT FOUND")} -> 48675.52 | T13: =_xlfn.XLOOKUP(A13,Table2[Customer ID],Table2[BMI_category],"NOT FOUND") -> Obesity | U13: =_xlfn.XLOOKUP(A13,Table2[Customer ID],Table2[no of surgery],"NOT FOUND") -> 0 | V13: =_xlfn.XLOOKUP(A13,Table2[Customer ID],Table2[smoker_missing],"NOT FOUND") -> yes | W13: =IF(F13<5.7, "Normal", IF(AND(F13>=5.7, F13<=6.4), "Prediabetes", "Diabetes")) -> Diabetes | X13: =SUM(Table5[[#This Row],[Title]:[Diabetes Level]]) -> 74821.55
... A2336: Id2335 | B2336: =VLOOKUP(A2336,'Customer Names'!$A$2:$E$2336,3,FALSE) -> Mr. | C2336: =_xlfn.XLOOKUP(A2336,$A$2:$A$2336,'Customer Names'!$D$2:$D$2336,"NOT FOUND") -> Aaron K | D2336: =_xlfn.XLOOKUP(A2336,$A$2:$A$2336,'Customer Names'!$E$2:$E$2336,"NOT FOUND") -> German | E2336: {=_xlfn.XLOOKUP(A2336,$A$2:$A$2336,Table2[BMI],"NOT FOUND")} -> 17.58 | F2336: {=_xlfn.XLOOKUP(A2336,$A$2:$A$2336,Table2[HBA1C],"NOT FOUND")} -> 4.51 | G2336: {=_xlfn.XLOOKUP(A2336,$A$2:$A$2336,Table2[Heart Issues],"NOT FOUND")} -> No | H2336: {=_xlfn.XLOOKUP(A2336,$A$2:$A$2336,Table2[Any Transplants],"NOT FOUND")} -> No | I2336: {=_xlfn.XLOOKUP(A2336,$A$2:$A$2336,Table2[Cancer history],"NOT FOUND")} -> No | J2336: =_xlfn.XLOOKUP(A2336,Table3[customer_no],Table3[month],"NOT FOUND") -> Jul | K2336: =_xlfn.XLOOKUP(A2336,Table3[customer_no],Table3[year_average],"NOT FOUND") -> 1992 | L2336: {=_xlfn.XLOOKUP(A2336,Table3[customer_no],'Hospitalisation Details'!$D$2:$D$2344,"NOT FOUND")} -> 9 | M2336: =_xlfn.XLOOKUP(A2336,Table3[customer_no],Table3[dd/mm/yy],"NOT FOUND") -> 33794 | N2336: =_xlfn.XLOOKUP(A2336,Table3[customer_no],Table3[age],"NOT FOUND") -> 30 | O2336: {=_xlfn.XLOOKUP(A2336,Table3[customer_no],'Hospitalisation Details'!$E$2:$E$2344,"NOT FOUND")} -> 0 | P2336: =_xlfn.XLOOKUP(A2336,Table3[customer_no],Table3[hsplt_handled],"NOT FOUND") -> tier - 2 | Q2336: =_xlfn.XLOOKUP(A2336,Table3[customer_no],Table3[city_handled],"NOT FOUND") -> tier - 3 | R2336: =_xlfn.XLOOKUP(A2336,Table3[customer_no],Table3[state_id],"NOT FOUND") -> R1013 | S2336: {=_xlfn.XLOOKUP(A2336,Table3[customer_no],'Hospitalisation Details'!$F$2:$F$2344,"NOT FOUND")} -> 563.84 | T2336: =_xlfn.XLOOKUP(A2336,Table2[Customer ID],Table2[BMI_category],"NOT FOUND") -> Underweight | U2336: =_xlfn.XLOOKUP(A2336,Table2[Customer ID],Table2[no of surgery],"NOT FOUND") -> 1 | V2336: =_xlfn.XLOOKUP(A2336,Table2[Customer ID],Table2[smoker_missing],"NOT FOUND") -> No | W2336: =IF(F2336<5.7, "Normal", IF(AND(F2336>=5.7, F2336<=6.4), "Prediabetes", "Diabetes")) -> Normal | X2336: =SUM(Table5[[#This Row],[Title]:[Diabetes Level]]) -> 36411.93
A2337: Average | B2337: =SUBTOTAL(101,Table5[Title]) -> #DIV/0! | C2337: =SUBTOTAL(101,Table5[First_Name]) -> #DIV/0! | D2337: =SUBTOTAL(101,Table5[Last_Name]) -> #DIV/0! | E2337: =SUBTOTAL(101,Table5[BMI]) -> 30.972649 | F2337: =SUBTOTAL(101,Table5[HBA1C]) -> 6.5789979 | G2337: =SUBTOTAL(101,Table5[Heart Issues]) -> #DIV/0! | H2337: =SUBTOTAL(101,Table5[Any Transplants]) -> #DIV/0! | I2337: =SUBTOTAL(101,Table5[Cancer history]) -> #DIV/0! | J2337: =SUBTOTAL(101,Table5[Month]) -> #DIV/0! | K2337: =SUBTOTAL(101,Table5[Year]) -> 1982.799 | L2337: =SUBTOTAL(101,Table5[Date]) -> 15.563597 | M2337: =SUBTOTAL(101,Table5[DD/MM/YYY]) -> #VALUE! | N2337: =SUBTOTAL(101,Table5[Age]) -> #VALUE! | O2337: =SUBTOTAL(101,Table5[Children]) -> 1.0256959 | P2337: =SUBTOTAL(101,Table5[Hospital_tier]) -> #DIV/0! | Q2337: =SUBTOTAL(101,Table5[City_tier]) -> #DIV/0! | R2337: =SUBTOTAL(101,Table5[state_id]) -> #DIV/0! | S2337: =SUBTOTAL(101,Table5[charges]) -> 13529.918 | T2337: =SUBTOTAL(101,Table5[Weight_Status]) -> #DIV/0! | U2337: =SUBTOTAL(101,Table5[No.of.surgery]) -> 0.67623126 | V2337: =SUBTOTAL(101,Table5[smoker]) -> #DIV/0! | W2337: =SUBTOTAL(101,Table5[Diabetes Level]) -> #DIV/0!

Sheet Analysis
A1: Row Labels | B1: Sum of charges
A2: Diabetes | B2: 12730910
A3: Normal | B3: 13239342
A4: Prediabetes | B4: 5622106.5
A5: Grand Total | B5: 31592359

Sheet charts
A3: smokers | B3: count
A4: Row Labels | B4: No | C4: Yes
A5: No | B5: 1540 | C5: 307
A6: yes | B6: 404 | C6: 84
A7: Grand Total | B7: 1944 | C7: 391

Sheet Medical Analysis
A1: Row Labels | B1: Customer Count | C1: Average BMI | D1: Average HBA1C
A2: Normal Weight | B2: 437 | C2: 22.085057 | D2: 6.4814416
A3: Obesity | B3: 1221 | C3: 37.595536 | D3: 6.6199672
A4: Overweight | B4: 501 | C4: 27.528363 | D4: 6.5097006
A5: Underweight | B5: 176 | C5: 16.898324 | D5: 6.7342614
A6: Grand Total | B6: 2335 | C6: 30.972649 | D6: 6.5789979

Sheet MedicalDashboard
